Rank,Name,PA,R,TB,RBI,BB ,SO,SB,IP,H,ER,BB,K,W,L,SV,HLD,POS,Diff,ADP,PTS
1,Shohei Ohtani,667.0,114.8,318.8,98.4,82.6,152.7,33.5,118.0,94.0,44.9,37.4,138.0,8.2,4.7,0.0,0.0,DH,-1.8,2.8,773.2
2,Shohei Ohtani,667.0,114.8,318.8,98.4,82.6,152.7,33.5,118.0,94.0,44.9,37.4,138.0,8.2,4.7,0.0,0.0,SP,-0.8,2.8,773.2
3,Juan Soto,658.0,107.6,274.4,88.3,125.6,109.2,8.9,0.0,0.0,0.0,0.0,0.0,0.0,0.0,0.0,0.0,OF,-1.0,4.0,495.6
4,Jose Ramirez,628.0,83.5,281.5,90.6,58.3,76.5,29.1,0.0,0.0,0.0,0.0,0.0,0.0,0.0,0.0,0.0,3B,-1.4,5.4,466.5
5,Bobby Witt Jr.,649.0,96.4,302.2,87.6,47.2,100.9,33.8,0.0,0.0,0.0,0.0,0.0,0.0,0.0,0.0,0.0,SS,1.0,4.0,466.3
6,Vladimir Guerrero Jr.,643.0,95.5,297.0,93.5,67.0,92.3,4.8,0.0,0.0,0.0,0.0,0.0,0.0,0.0,0.0,0.0,1B,-5.1,11.1,465.5
7,Mookie Betts,637.0,99.3,272.6,80.8,74.4,87.3,14.4,0.0,0.0,0.0,0.0,0.0,0.0,0.0,0.0,0.0,SS/OF,0.3,6.7,454.2
8,Paul Skenes,0.0,0.0,0.0,0.0,0.0,0.0,0.0,163.5,116.7,49.2,48.0,206.3,10.3,7.0,0.0,0.0,SP,-2.7,10.7,440.3
9,Aaron Judge,616.0,101.8,285.9,100.9,101.8,159.3,7.5,0.0,0.0,0.0,0.0,0.0,0.0,0.0,0.0,0.0,OF,5.8,3.2,438.6
10,Yordan Alvarez,592.0,92.7,278.3,92.0,71.3,100.0,3.5,0.0,0.0,0.0,0.0,0.0,0.0,0.0,0.0,0.0,OF,-2.3,12.3,437.8
11,Tarik Skubal,0.0,0.0,0.0,0.0,0.0,0.0,0.0,169.9,131.8,55.7,38.7,197.5,10.8,7.5,0.0,0.0,SP,1.3,9.7,431.9
12,Zack Wheeler,0.0,0.0,0.0,0.0,0.0,0.0,0.0,184.8,153.1,67.8,47.3,196.6,13.1,7.5,0.0,0.0,SP,-2.3,14.3,426.2
13,Kyle Tucker,616.0,86.7,257.3,80.2,75.5,95.8,19.8,0.0,0.0,0.0,0.0,0.0,0.0,0.0,0.0,0.0,OF,3.4,9.6,423.7
14,Corbin Carroll,657.0,96.0,261.8,74.0,69.1,121.7,39.3,0.0,0.0,0.0,0.0,0.0,0.0,0.0,0.0,0.0,OF,-1.5,15.5,418.5
15,Freddie Freeman,646.0,89.5,267.7,86.6,71.0,107.0,10.5,0.0,0.0,0.0,0.0,0.0,0.0,0.0,0.0,0.0,1B,-3.9,18.9,418.3
16,Logan Gilbert,0.0,0.0,0.0,0.0,0.0,0.0,0.0,184.8,157.1,75.4,39.9,194.7,12.1,8.8,0.0,0.0,SP,-4.5,20.5,407.9
17,Luis Arraez,660.0,87.5,252.8,59.4,39.3,41.1,8.1,0.0,0.0,0.0,0.0,0.0,0.0,0.0,0.0,0.0,1B/2B,-31.2,48.2,406.0
18,Cole Ragans,0.0,0.0,0.0,0.0,0.0,0.0,0.0,178.6,141.1,66.1,66.7,202.3,11.7,8.0,0.0,0.0,SP,-15.2,33.2,405.5
19,Ketel Marte,651.0,94.0,267.6,77.6,68.9,117.7,8.0,0.0,0.0,0.0,0.0,0.0,0.0,0.0,0.0,0.0,2B,-2.4,21.4,398.4
20,Dylan Cease,0.0,0.0,0.0,0.0,0.0,0.0,0.0,175.6,142.5,69.9,66.5,212.0,11.8,7.8,0.0,0.0,SP,-3.9,23.9,398.0
21,Fernando Tatis Jr.,603.0,90.5,278.0,84.5,51.2,126.6,17.1,0.0,0.0,0.0,0.0,0.0,0.0,0.0,0.0,0.0,OF,2.5,18.5,394.7
22,Bryce Harper,619.0,88.2,260.9,84.9,81.7,133.2,10.0,0.0,0.0,0.0,0.0,0.0,0.0,0.0,0.0,0.0,1B,-7.9,29.9,392.5
23,Gunnar Henderson,598.0,94.4,265.2,77.8,64.8,128.1,15.6,0.0,0.0,0.0,0.0,0.0,0.0,0.0,0.0,0.0,SS,7.9,15.1,389.7
24,Chris Sale,0.0,0.0,0.0,0.0,0.0,0.0,0.0,151.3,121.4,51.9,38.1,186.0,11.2,5.2,0.0,0.0,SP,-9.0,33.0,388.6
25,Alex Bregman,630.0,80.1,242.4,78.5,63.3,80.7,3.4,0.0,0.0,0.0,0.0,0.0,0.0,0.0,0.0,0.0,3B,-21.3,46.3,387.0
26,Francisco Lindor,659.0,92.7,257.7,76.2,60.2,125.0,22.6,0.0,0.0,0.0,0.0,0.0,0.0,0.0,0.0,0.0,SS,10.2,15.8,384.4
27,Framber Valdez,0.0,0.0,0.0,0.0,0.0,0.0,0.0,184.8,164.3,69.8,59.0,180.5,13.1,7.6,0.0,0.0,SP,-21.0,48.0,383.0
28,Pablo Lopez,0.0,0.0,0.0,0.0,0.0,0.0,0.0,178.6,162.4,70.5,44.2,186.9,11.6,8.4,0.0,0.0,SP,-29.7,57.7,381.5
29,Jackson Chourio,662.0,87.3,275.5,78.4,47.9,134.7,26.4,0.0,0.0,0.0,0.0,0.0,0.0,0.0,0.0,0.0,OF,-11.9,40.9,380.8
30,Jackson Merrill,625.0,76.9,272.1,85.5,36.8,104.3,13.4,0.0,0.0,0.0,0.0,0.0,0.0,0.0,0.0,0.0,OF,-14.1,44.1,380.4
31,Corbin Burnes,0.0,0.0,0.0,0.0,0.0,0.0,0.0,178.6,153.5,71.7,50.0,180.7,12.3,7.8,0.0,0.0,SP,4.7,26.3,378.6
32,Blake Snell,0.0,0.0,0.0,0.0,0.0,0.0,0.0,154.0,113.0,58.2,65.6,200.2,10.4,6.2,0.0,0.0,SP,-11.6,43.6,375.6
33,Marcus Semien,654.0,91.2,246.4,69.1,56.7,99.4,11.3,0.0,0.0,0.0,0.0,0.0,0.0,0.0,0.0,0.0,2B,-6.1,39.1,375.3
34,Vinnie Pasquantino,603.0,76.7,241.2,80.1,56.9,83.6,1.9,0.0,0.0,0.0,0.0,0.0,0.0,0.0,0.0,0.0,1B,-77.2,111.2,373.2
35,Rafael Devers,621.0,87.9,266.6,85.1,63.3,134.1,3.6,0.0,0.0,0.0,0.0,0.0,0.0,0.0,0.0,0.0,3B,3.7,31.3,372.4
36,Joe Ryan,0.0,0.0,0.0,0.0,0.0,0.0,0.0,166.4,141.3,68.3,38.3,184.3,10.6,8.1,0.0,0.0,SP,-63.2,99.2,372.3
37,Garrett Crochet,0.0,0.0,0.0,0.0,0.0,0.0,0.0,140.3,103.7,45.0,42.4,180.9,8.8,5.9,0.0,0.0,SP,8.9,28.1,371.5
38,Corey Seager,547.0,83.8,245.1,75.0,56.1,92.1,2.5,0.0,0.0,0.0,0.0,0.0,0.0,0.0,0.0,0.0,SS,-1.2,39.2,370.4
39,Steven Kwan,596.0,79.7,219.2,54.9,60.0,60.5,16.6,0.0,0.0,0.0,0.0,0.0,0.0,0.0,0.0,0.0,OF,-11.9,50.9,369.9
40,Hunter Greene,0.0,0.0,0.0,0.0,0.0,0.0,0.0,169.4,138.4,72.3,61.7,198.1,10.6,8.6,0.0,0.0,SP,-73.1,113.1,365.6
41,Aaron Nola,0.0,0.0,0.0,0.0,0.0,0.0,0.0,181.7,170.4,76.9,43.3,178.3,12.4,8.2,0.0,0.0,SP,-15.6,56.6,364.3
42,Freddy Peralta,0.0,0.0,0.0,0.0,0.0,0.0,0.0,169.4,141.3,71.4,60.1,195.8,10.6,8.4,0.0,0.0,SP,-70.5,112.5,364.2
43,Bailey Ober,0.0,0.0,0.0,0.0,0.0,0.0,0.0,178.6,158.5,78.6,43.8,183.4,11.3,9.1,0.0,0.0,SP,-62.6,105.6,364.1
44,Josh Naylor,621.0,74.3,243.2,83.0,51.9,99.2,7.4,0.0,0.0,0.0,0.0,0.0,0.0,0.0,0.0,0.0,1B,-32.5,76.5,360.6
45,Luis Castillo,0.0,0.0,0.0,0.0,0.0,0.0,0.0,178.6,160.6,77.0,50.4,182.8,11.3,9.0,0.0,0.0,SP,-26.0,71.0,358.2
46,Elly De La Cruz,643.0,84.2,264.9,81.1,60.0,185.9,52.9,0.0,0.0,0.0,0.0,0.0,0.0,0.0,0.0,0.0,SS,10.8,35.2,357.2
47,Jose Altuve,634.0,86.1,242.0,66.9,51.4,108.8,17.8,0.0,0.0,0.0,0.0,0.0,0.0,0.0,0.0,0.0,2B,-1.3,48.3,355.4
48,Logan Webb,0.0,0.0,0.0,0.0,0.0,0.0,0.0,184.8,181.1,71.5,41.4,159.2,12.1,8.6,0.0,0.0,SP,-35.4,83.4,355.1
49,Julio Rodriguez,637.0,84.2,268.2,76.5,46.0,146.2,26.2,0.0,0.0,0.0,0.0,0.0,0.0,0.0,0.0,0.0,OF,0.0,49.0,354.9
50,Michael Harris II,588.0,77.5,255.1,77.5,34.2,108.2,18.1,0.0,0.0,0.0,0.0,0.0,0.0,0.0,0.0,0.0,OF,-47.0,97.0,354.2
51,Will Smith,484.0,60.7,185.9,64.6,49.3,84.8,2.3,36.5,34.4,18.5,14.2,32.5,1.7,1.9,0.0,10.0,C,-76.4,127.4,354.0
52,Will Smith,484.0,60.7,185.9,64.6,49.3,84.8,2.3,36.5,34.4,18.5,14.2,32.5,1.7,1.9,0.0,10.0,RP,-75.4,127.4,354.0
53,Matt Olson,626.0,83.1,251.6,92.5,75.1,150.5,0.7,0.0,0.0,0.0,0.0,0.0,0.0,0.0,0.0,0.0,1B,6.9,46.1,352.5
54,Sonny Gray,0.0,0.0,0.0,0.0,0.0,0.0,0.0,159.5,136.6,61.0,44.5,169.8,10.6,7.1,0.0,0.0,SP,-30.9,84.9,352.2
55,Manny Machado,607.0,74.8,253.9,88.0,48.4,120.4,6.9,0.0,0.0,0.0,0.0,0.0,0.0,0.0,0.0,0.0,3B,21.9,33.1,351.6
56,Trea Turner,628.0,83.8,255.4,70.3,38.8,120.4,22.3,0.0,0.0,0.0,0.0,0.0,0.0,0.0,0.0,0.0,SS,11.9,44.1,350.2
57,Tanner Bibee,0.0,0.0,0.0,0.0,0.0,0.0,0.0,172.5,154.3,74.2,47.9,179.8,10.5,8.9,0.0,0.0,SP,-60.8,117.8,349.9
58,Max Fried,0.0,0.0,0.0,0.0,0.0,0.0,0.0,169.4,155.7,62.9,47.0,160.6,11.5,7.2,0.0,0.0,SP,-5.0,63.0,348.9
59,Wyatt Langford,615.0,76.3,238.0,77.4,59.9,120.9,17.9,0.0,0.0,0.0,0.0,0.0,0.0,0.0,0.0,0.0,OF,-21.3,80.3,348.6
60,Justin Steele,0.0,0.0,0.0,0.0,0.0,0.0,0.0,172.5,157.6,69.1,48.4,167.9,11.2,8.0,0.0,0.0,SP,-60.9,120.9,347.6
61,Yandy Diaz,593.0,79.9,230.7,64.0,59.6,89.5,2.5,0.0,0.0,0.0,0.0,0.0,0.0,0.0,0.0,0.0,1B,-105.6,166.6,347.2
62,Shota Imanaga,0.0,0.0,0.0,0.0,0.0,0.0,0.0,163.5,146.8,66.9,34.7,165.6,10.6,7.7,0.0,0.0,SP,-13.9,75.9,346.6
63,Pete Alonso,627.0,81.8,249.6,92.4,65.4,146.4,3.7,0.0,0.0,0.0,0.0,0.0,0.0,0.0,0.0,0.0,1B,9.4,53.6,346.5
64,Hunter Brown,0.0,0.0,0.0,0.0,0.0,0.0,0.0,169.4,152.5,69.1,58.3,180.2,11.2,7.7,0.0,0.0,SP,-72.2,136.2,346.4
65,Yoshinobu Yamamoto,0.0,0.0,0.0,0.0,0.0,0.0,0.0,157.7,140.4,61.6,42.6,166.0,11.1,6.3,0.0,0.0,SP,6.9,58.1,342.5
66,Jung Hoo Lee,564.0,70.7,218.3,56.6,42.1,55.4,9.0,0.0,0.0,0.0,0.0,0.0,0.0,0.0,0.0,0.0,OF,-96.1,162.1,341.3
67,Adley Rutschman,592.0,78.9,217.9,66.2,68.1,92.9,2.2,0.0,0.0,0.0,0.0,0.0,0.0,0.0,0.0,0.0,C,33.7,33.3,340.4
68,Yusei Kikuchi,0.0,0.0,0.0,0.0,0.0,0.0,0.0,160.6,143.2,65.5,49.8,178.8,9.8,8.0,0.0,0.0,SP,-93.3,161.3,340.2
69,Carlos Rodon,0.0,0.0,0.0,0.0,0.0,0.0,0.0,156.8,131.2,66.8,48.0,177.1,10.0,7.6,0.0,0.0,SP,-88.5,157.5,339.5
70,Shane McClanahan,0.0,0.0,0.0,0.0,0.0,0.0,0.0,154.0,131.3,58.7,45.4,168.6,9.0,7.6,0.0,0.0,SP,-131.8,201.8,339.3
71,Austin Riley,618.0,82.9,262.6,89.1,51.5,149.1,2.0,0.0,0.0,0.0,0.0,0.0,0.0,0.0,0.0,0.0,3B,14.4,56.6,339.0
72,Jarren Duran,649.0,87.7,256.0,66.4,49.2,150.1,29.4,0.0,0.0,0.0,0.0,0.0,0.0,0.0,0.0,0.0,OF,22.0,50.0,338.6
73,Bryce Miller,0.0,0.0,0.0,0.0,0.0,0.0,0.0,178.6,161.1,82.4,47.7,172.7,11.1,9.4,0.0,0.0,SP,-29.2,102.2,338.3
74,Ozzie Albies,584.0,75.6,232.5,70.1,39.7,91.9,10.6,0.0,0.0,0.0,0.0,0.0,0.0,0.0,0.0,0.0,2B,7.7,66.3,336.6
75,Reynaldo Lopez,0.0,0.0,0.0,0.0,0.0,0.0,0.0,166.3,146.1,72.3,56.5,175.5,11.6,7.1,0.0,0.0,SP,-118.5,193.5,336.2
76,Ronald Acuna Jr.,469.0,76.8,202.1,57.7,53.1,81.3,26.4,0.0,0.0,0.0,0.0,0.0,0.0,0.0,0.0,0.0,OF,38.5,37.5,334.8
77,Michael King,0.0,0.0,0.0,0.0,0.0,0.0,0.0,163.5,144.7,68.0,59.4,177.1,10.8,7.5,0.0,0.0,SP,4.9,72.1,334.1
78,Spencer Schwellenbach,0.0,0.0,0.0,0.0,0.0,0.0,0.0,166.4,155.5,70.1,41.2,160.2,12.0,6.8,0.0,0.0,SP,-65.1,143.1,332.9
79,Tyler Glasnow,0.0,0.0,0.0,0.0,0.0,0.0,0.0,129.4,98.4,45.6,36.2,160.7,9.5,4.6,0.0,0.0,SP,-10.9,89.9,332.9
80,Roki Sasaki,0.0,0.0,0.0,0.0,0.0,0.0,0.0,128.8,96.0,46.4,40.0,166.6,9.1,4.8,0.0,0.0,SP,-43.0,123.0,332.8
81,Alec Bohm,605.0,69.3,236.1,73.8,41.8,93.2,5.0,0.0,0.0,0.0,0.0,0.0,0.0,0.0,0.0,0.0,3B,-22.9,103.9,332.8
82,William Contreras,594.0,75.5,236.5,72.9,64.4,123.6,6.5,0.0,0.0,0.0,0.0,0.0,0.0,0.0,0.0,0.0,C,52.3,29.7,332.2
83,Marcell Ozuna,610.0,78.9,254.0,89.0,57.5,149.7,1.2,0.0,0.0,0.0,0.0,0.0,0.0,0.0,0.0,0.0,DH,-18.0,101.0,330.9
84,Nathan Eovaldi,0.0,0.0,0.0,0.0,0.0,0.0,0.0,163.5,149.5,67.2,43.3,159.3,10.5,7.7,0.0,0.0,SP,-154.0,238.0,328.2
85,Kevin Gausman,0.0,0.0,0.0,0.0,0.0,0.0,0.0,166.4,153.3,72.5,47.5,168.4,10.9,8.0,0.0,0.0,SP,-38.5,123.5,327.6
86,Isaac Paredes,576.0,72.8,211.1,70.8,64.9,95.2,1.9,0.0,0.0,0.0,0.0,0.0,0.0,0.0,0.0,0.0,3B,-39.5,125.5,326.3
87,CJ Abrams,594.0,75.5,229.3,61.3,37.0,112.6,35.3,0.0,0.0,0.0,0.0,0.0,0.0,0.0,0.0,0.0,SS,-40.8,127.8,325.8
88,Anthony Santander,577.0,72.2,237.8,83.9,48.9,119.6,2.5,0.0,0.0,0.0,0.0,0.0,0.0,0.0,0.0,0.0,OF,50.9,37.1,325.7
89,Seth Lugo,0.0,0.0,0.0,0.0,0.0,0.0,0.0,184.8,178.9,82.4,51.7,160.8,11.9,9.3,0.0,0.0,SP,-84.4,173.4,325.0
90,Edwin Diaz,0.0,0.0,0.0,0.0,0.0,0.0,0.0,64.8,43.7,21.9,24.1,89.5,3.7,2.6,30.0,0.0,RP,29.0,61.0,324.5
91,Kyle Schwarber,606.0,90.5,233.2,78.4,90.5,173.7,5.0,0.0,0.0,0.0,0.0,0.0,0.0,0.0,0.0,0.0,DH,4.3,86.7,323.9
92,Cristopher Sanchez,0.0,0.0,0.0,0.0,0.0,0.0,0.0,169.4,161.5,66.0,47.5,147.9,11.6,7.3,0.0,0.0,SP,-88.6,180.6,323.7
93,Jazz Chisholm Jr.,591.0,78.3,237.0,74.4,48.6,147.9,33.2,0.0,0.0,0.0,0.0,0.0,0.0,0.0,0.0,0.0,3B/OF,-0.3,93.3,323.6
94,Josh Hader,0.0,0.0,0.0,0.0,0.0,0.0,0.0,64.8,43.2,22.7,25.9,91.5,3.7,2.7,30.0,0.0,RP,40.2,53.8,323.4
95,Bryan Reynolds,645.0,82.3,248.6,69.4,56.3,142.5,8.7,0.0,0.0,0.0,0.0,0.0,0.0,0.0,0.0,0.0,OF,-13.5,108.5,322.8
96,Cody Bellinger,561.0,69.6,223.5,74.7,45.1,102.0,11.6,0.0,0.0,0.0,0.0,0.0,0.0,0.0,0.0,0.0,1B/OF,6.8,89.2,322.5
97,Bo Bichette,596.0,73.2,244.0,73.3,34.9,113.2,10.2,0.0,0.0,0.0,0.0,0.0,0.0,0.0,0.0,0.0,SS,-93.2,190.2,322.4
98,Taj Bradley,0.0,0.0,0.0,0.0,0.0,0.0,0.0,163.9,147.6,72.5,55.0,172.9,10.0,8.5,0.0,0.0,SP,-114.5,212.5,320.0
99,Robbie Ray,0.0,0.0,0.0,0.0,0.0,0.0,0.0,157.7,134.4,70.6,50.1,169.1,9.2,8.6,0.0,0.0,SP,-151.2,250.2,317.7
100,Zac Gallen,0.0,0.0,0.0,0.0,0.0,0.0,0.0,163.2,152.2,70.0,50.2,163.9,10.4,7.8,0.0,0.0,SP,-6.0,106.0,316.3
101,Ranger Suarez,0.0,0.0,0.0,0.0,0.0,0.0,0.0,172.5,166.5,70.1,55.5,153.4,11.5,7.8,0.0,0.0,SP,-135.4,236.4,316.1
102,Masyn Winn,605.0,73.9,223.4,61.7,43.9,101.3,13.9,0.0,0.0,0.0,0.0,0.0,0.0,0.0,0.0,0.0,SS,-79.6,181.6,315.5
103,Junior Caminero,580.0,71.7,244.5,79.2,37.7,125.5,4.5,0.0,0.0,0.0,0.0,0.0,0.0,0.0,0.0,0.0,3B,-41.0,144.0,312.1
104,Jared Jones,0.0,0.0,0.0,0.0,0.0,0.0,0.0,160.6,138.6,69.1,55.7,161.7,9.3,8.8,0.0,0.0,SP,-64.8,168.8,312.0
105,Ronel Blanco,0.0,0.0,0.0,0.0,0.0,0.0,0.0,175.6,156.2,84.3,72.8,176.7,11.4,8.9,0.0,0.0,SP,-104.4,209.4,310.9
106,Brandon Pfaadt,0.0,0.0,0.0,0.0,0.0,0.0,0.0,163.5,157.8,72.7,40.2,157.5,10.7,7.8,0.0,0.0,SP,-55.9,161.9,310.4
107,Jacob deGrom,0.0,0.0,0.0,0.0,0.0,0.0,0.0,107.6,77.4,33.5,21.2,146.4,7.0,4.3,0.0,0.0,SP,-11.4,118.4,309.0
108,Jose Berrios,0.0,0.0,0.0,0.0,0.0,0.0,0.0,181.7,176.5,87.2,51.3,160.2,11.9,9.2,0.0,0.0,SP,-93.1,201.1,308.5
109,Brendan Donovan,564.0,66.1,201.6,59.6,50.3,76.3,6.4,0.0,0.0,0.0,0.0,0.0,0.0,0.0,0.0,0.0,2B/OF,3.1,105.9,307.7
110,Xavier Edwards,570.0,68.1,189.8,42.8,55.2,81.1,31.4,0.0,0.0,0.0,0.0,0.0,0.0,0.0,0.0,0.0,SS,-135.2,245.2,306.2
111,Jack Flaherty,0.0,0.0,0.0,0.0,0.0,0.0,0.0,151.8,135.6,63.7,47.0,159.3,8.5,8.3,0.0,0.0,SP,-28.7,139.7,305.1
112,Christian Walker,560.0,69.9,222.9,79.9,55.1,127.9,4.7,0.0,0.0,0.0,0.0,0.0,0.0,0.0,0.0,0.0,1B,-5.3,117.3,304.6
113,Triston Casas,592.0,74.8,223.8,79.2,78.9,154.2,1.9,0.0,0.0,0.0,0.0,0.0,0.0,0.0,0.0,0.0,1B,-90.9,203.9,304.4
114,Carlos Correa,558.0,73.2,216.1,63.0,59.3,108.5,1.2,0.0,0.0,0.0,0.0,0.0,0.0,0.0,0.0,0.0,SS,-59.4,173.4,304.3
115,Ian Happ,633.0,79.2,223.7,66.3,75.4,152.2,11.7,0.0,0.0,0.0,0.0,0.0,0.0,0.0,0.0,0.0,OF,9.7,105.3,304.1
116,Brady Singer,0.0,0.0,0.0,0.0,0.0,0.0,0.0,172.5,176.1,75.4,49.1,159.7,10.4,9.1,0.0,0.0,SP,-131.6,247.6,303.8
117,George Springer,584.0,72.4,213.0,64.7,52.8,112.3,12.5,0.0,0.0,0.0,0.0,0.0,0.0,0.0,0.0,0.0,OF,-61.5,178.5,303.1
118,Nolan Arenado,564.0,62.7,213.7,70.8,40.2,87.8,3.0,0.0,0.0,0.0,0.0,0.0,0.0,0.0,0.0,0.0,3B,18.0,100.0,302.6
119,MacKenzie Gore,0.0,0.0,0.0,0.0,0.0,0.0,0.0,151.8,132.6,63.7,57.2,164.0,8.5,8.3,0.0,0.0,SP,-120.2,239.2,302.6
120,Andrew Vaughn,607.0,67.8,240.2,75.4,41.2,124.2,1.7,0.0,0.0,0.0,0.0,0.0,0.0,0.0,0.0,0.0,1B,-138.1,258.1,302.1
121,Anthony Volpe,605.0,74.2,217.5,63.5,49.3,128.8,25.7,0.0,0.0,0.0,0.0,0.0,0.0,0.0,0.0,0.0,SS,-106.6,227.6,301.4
122,Michael Wacha,0.0,0.0,0.0,0.0,0.0,0.0,0.0,175.6,168.0,81.1,51.6,152.8,10.8,9.3,0.0,0.0,SP,-130.8,252.8,300.8
123,James Wood,603.0,73.8,231.1,70.2,67.5,160.0,18.2,0.0,0.0,0.0,0.0,0.0,0.0,0.0,0.0,0.0,OF,-28.1,151.1,300.8
124,Lawrence Butler,586.0,76.8,227.3,67.2,45.4,133.5,17.6,0.0,0.0,0.0,0.0,0.0,0.0,0.0,0.0,0.0,OF,-36.4,160.4,300.8
125,Ryan Helsley,0.0,0.0,0.0,0.0,0.0,0.0,0.0,59.9,42.7,20.4,22.6,75.3,3.4,2.5,30.0,0.0,RP,57.3,67.7,300.7
126,Bowden Francis,0.0,0.0,0.0,0.0,0.0,0.0,0.0,169.4,156.0,82.6,47.9,157.3,10.9,8.8,0.0,0.0,SP,-58.1,184.1,300.6
127,Nolan Schanuel,567.0,67.7,192.8,60.4,66.9,95.2,7.9,0.0,0.0,0.0,0.0,0.0,0.0,0.0,0.0,0.0,1B,-130.8,257.8,300.5
128,Nick Pivetta,0.0,0.0,0.0,0.0,0.0,0.0,0.0,139.9,116.6,61.7,46.3,162.9,8.9,6.9,0.0,0.0,SP,-75.6,203.6,300.3
129,Kodai Senga,0.0,0.0,0.0,0.0,0.0,0.0,0.0,151.1,128.9,65.8,61.6,161.7,10.2,6.7,0.0,0.0,SP,-32.5,161.5,299.9
130,George Kirby,0.0,0.0,0.0,0.0,0.0,0.0,0.0,145.6,137.4,60.6,22.0,139.2,9.3,7.1,0.0,0.0,SP,72.4,57.6,299.8
131,Nico Hoerner,547.0,60.3,187.3,49.7,38.4,61.5,25.6,0.0,0.0,0.0,0.0,0.0,0.0,0.0,0.0,0.0,2B,4.8,126.2,299.8
132,Emmanuel Clase,0.0,0.0,0.0,0.0,0.0,0.0,0.0,64.8,53.8,22.3,15.2,67.4,3.5,2.8,30.0,0.0,RP,94.2,37.8,299.6
133,Riley Greene,602.0,73.9,229.9,70.8,62.8,144.5,6.1,0.0,0.0,0.0,0.0,0.0,0.0,0.0,0.0,0.0,OF,-16.1,149.1,299.0
134,Luis Rengifo,554.0,67.9,206.9,58.8,35.9,92.3,21.7,0.0,0.0,0.0,0.0,0.0,0.0,0.0,0.0,0.0,2B/3B,-122.9,256.9,298.9
135,Teoscar Hernandez,599.0,75.3,252.4,87.0,43.4,167.9,8.0,0.0,0.0,0.0,0.0,0.0,0.0,0.0,0.0,0.0,OF,18.8,116.2,298.2
136,Ryan Pepiot,0.0,0.0,0.0,0.0,0.0,0.0,0.0,154.8,133.3,70.6,56.7,163.1,9.1,8.4,0.0,0.0,SP,-115.6,251.6,297.7
137,Matt McLain,546.0,70.8,223.1,69.6,54.0,136.0,16.2,0.0,0.0,0.0,0.0,0.0,0.0,0.0,0.0,0.0,2B/SS,-43.0,180.0,297.7
138,Oneil Cruz,621.0,74.7,249.6,77.9,56.1,179.6,18.8,0.0,0.0,0.0,0.0,0.0,0.0,0.0,0.0,0.0,SS/OF,-10.9,148.9,297.5
139,Raisel Iglesias,0.0,0.0,0.0,0.0,0.0,0.0,0.0,64.8,53.1,24.9,17.6,71.5,3.6,2.7,30.0,0.0,RP,57.5,81.5,297.2
140,Christian Yelich,550.0,66.6,199.4,60.6,68.3,119.2,21.2,0.0,0.0,0.0,0.0,0.0,0.0,0.0,0.0,0.0,OF,13.6,126.4,296.9
141,Tanner Houck,0.0,0.0,0.0,0.0,0.0,0.0,0.0,166.4,160.9,70.7,51.2,145.6,10.7,8.1,0.0,0.0,SP,-40.7,181.7,296.5
142,Sandy Alcantara,0.0,0.0,0.0,0.0,0.0,0.0,0.0,160.6,152.8,67.0,40.6,142.6,8.8,9.1,0.0,0.0,SP,-49.7,191.7,296.4
143,Zach Eflin,0.0,0.0,0.0,0.0,0.0,0.0,0.0,160.6,161.4,68.5,28.0,134.8,10.4,7.6,0.0,0.0,SP,-89.7,232.7,295.8
144,Andres Munoz,0.0,0.0,0.0,0.0,0.0,0.0,0.0,64.8,46.9,22.0,25.2,84.8,3.5,2.9,25.0,3.0,RP,25.4,118.6,295.3
145,Devin Williams,0.0,0.0,0.0,0.0,0.0,0.0,0.0,59.9,44.2,21.0,26.5,76.5,3.4,2.5,30.0,0.0,RP,97.9,47.1,295.3
146,Jesus Luzardo,0.0,0.0,0.0,0.0,0.0,0.0,0.0,154.0,138.5,68.1,53.3,155.6,10.1,7.4,0.0,0.0,SP,-110.2,256.2,295.0
147,Xander Bogaerts,570.0,64.3,209.6,63.6,45.4,100.5,12.4,0.0,0.0,0.0,0.0,0.0,0.0,0.0,0.0,0.0,2B/SS,9.8,137.2,294.8
148,Felix Bautista,0.0,0.0,0.0,0.0,0.0,0.0,0.0,56.7,35.7,17.1,21.3,82.3,3.4,2.2,25.0,3.0,RP,45.1,102.9,294.6
149,Mason Miller,0.0,0.0,0.0,0.0,0.0,0.0,0.0,56.7,34.0,16.5,19.8,83.9,3.4,2.2,25.0,0.0,RP,82.7,66.3,294.6
150,Jeremy Pena,597.0,66.5,225.5,67.2,30.5,111.2,15.5,0.0,0.0,0.0,0.0,0.0,0.0,0.0,0.0,0.0,SS,-45.3,195.3,294.0
151,Gleyber Torres,588.0,67.7,205.8,59.9,56.1,104.1,7.9,0.0,0.0,0.0,0.0,0.0,0.0,0.0,0.0,0.0,2B,-2.1,153.1,293.3
152,Nick Lodolo,0.0,0.0,0.0,0.0,0.0,0.0,0.0,141.5,127.1,56.8,45.1,151.9,8.5,7.2,0.0,0.0,SP,-105.3,257.3,293.2
153,Chris Bassitt,0.0,0.0,0.0,0.0,0.0,0.0,0.0,169.4,163.5,78.1,57.7,157.6,10.7,8.7,0.0,0.0,SP,-93.4,246.4,292.4
154,Lourdes Gurriel Jr.,571.0,64.4,222.4,70.8,33.5,104.5,5.5,0.0,0.0,0.0,0.0,0.0,0.0,0.0,0.0,0.0,OF,-26.1,180.1,292.1
155,Willy Adames,619.0,72.1,220.8,70.8,63.9,148.9,12.8,0.0,0.0,0.0,0.0,0.0,0.0,0.0,0.0,0.0,SS,50.4,104.6,291.5
156,JJ Bleday,604.0,71.8,205.9,68.2,71.0,130.8,5.1,0.0,0.0,0.0,0.0,0.0,0.0,0.0,0.0,0.0,OF,-72.8,228.8,291.2
157,Brent Rooker,622.0,83.1,246.5,81.2,59.3,187.6,7.7,0.0,0.0,0.0,0.0,0.0,0.0,0.0,0.0,0.0,DH,39.5,117.5,290.2
158,Grayson Rodriguez,0.0,0.0,0.0,0.0,0.0,0.0,0.0,138.0,121.4,55.6,45.0,146.2,9.4,6.1,0.0,0.0,SP,-4.1,162.1,289.2
159,Erick Fedde,0.0,0.0,0.0,0.0,0.0,0.0,0.0,175.6,169.7,83.5,55.2,150.4,11.0,9.3,0.0,0.0,SP,-95.4,254.4,288.7
160,Bryan Woo,0.0,0.0,0.0,0.0,0.0,0.0,0.0,151.3,139.3,69.1,35.4,143.7,9.0,8.2,0.0,0.0,SP,-51.6,211.6,286.3
161,Royce Lewis,532.0,65.9,219.2,73.2,46.0,123.9,5.4,0.0,0.0,0.0,0.0,0.0,0.0,0.0,0.0,0.0,3B,-56.8,217.8,285.8
162,TJ Friedl,524.0,68.7,191.6,55.3,45.2,91.5,15.8,0.0,0.0,0.0,0.0,0.0,0.0,0.0,0.0,0.0,OF,-95.7,257.7,285.1
163,Nick Castellanos,607.0,68.3,237.4,78.2,37.2,142.4,6.1,0.0,0.0,0.0,0.0,0.0,0.0,0.0,0.0,0.0,OF,-25.2,188.2,284.8
164,Bryson Stott,545.0,59.5,188.6,56.7,47.0,91.2,23.8,0.0,0.0,0.0,0.0,0.0,0.0,0.0,0.0,0.0,2B,-15.1,179.1,284.4
165,Jurickson Profar,529.0,65.6,183.4,56.2,58.6,86.3,6.1,0.0,0.0,0.0,0.0,0.0,0.0,0.0,0.0,0.0,OF,34.2,130.8,283.6
166,Jeffrey Springs,0.0,0.0,0.0,0.0,0.0,0.0,0.0,148.5,135.9,64.8,42.1,142.6,9.0,7.7,0.0,0.0,SP,-93.7,259.7,283.1
167,Yu Darvish,0.0,0.0,0.0,0.0,0.0,0.0,0.0,154.8,144.4,72.9,43.9,150.0,9.5,8.1,0.0,0.0,SP,-86.1,253.1,283.1
168,Seiya Suzuki,572.0,68.8,217.0,69.2,60.2,144.5,12.1,0.0,0.0,0.0,0.0,0.0,0.0,0.0,0.0,0.0,OF,36.9,131.1,282.8
169,Jonathan India,575.0,73.2,192.3,54.3,60.6,109.4,11.6,0.0,0.0,0.0,0.0,0.0,0.0,0.0,0.0,0.0,2B,-21.1,190.1,282.6
170,Spencer Steer,513.0,62.2,195.7,63.9,53.8,107.5,13.9,0.0,0.0,0.0,0.0,0.0,0.0,0.0,0.0,0.0,1B/OF,34.3,135.7,282.0
171,Mitch Keller,0.0,0.0,0.0,0.0,0.0,0.0,0.0,166.4,159.1,77.3,52.2,147.9,9.7,9.4,0.0,0.0,SP,-25.8,196.8,281.8
172,Jhoan Duran,0.0,0.0,0.0,0.0,0.0,0.0,0.0,58.3,44.7,17.8,19.1,72.5,3.4,2.4,25.0,3.0,RP,45.2,126.8,281.0
173,Jordan Westburg,559.0,68.4,220.5,69.2,39.0,124.1,7.7,0.0,0.0,0.0,0.0,0.0,0.0,0.0,0.0,0.0,2B/3B,5.1,167.9,280.7
174,Reese Olson,0.0,0.0,0.0,0.0,0.0,0.0,0.0,154.8,142.5,67.4,48.9,141.7,8.7,8.6,0.0,0.0,SP,-84.0,258.0,280.1
175,David Peterson,0.0,0.0,0.0,0.0,0.0,0.0,0.0,159.5,154.7,68.3,62.1,145.1,11.4,6.7,0.0,0.0,SP,-84.4,259.4,279.6
176,Luis Severino,0.0,0.0,0.0,0.0,0.0,0.0,0.0,169.4,161.2,80.8,56.5,147.9,10.2,9.3,0.0,0.0,SP,-75.3,251.3,278.6
177,Brice Turang,559.0,61.6,182.9,48.4,49.3,98.6,34.7,0.0,0.0,0.0,0.0,0.0,0.0,0.0,0.0,0.0,2B,-48.5,225.5,278.3
178,Taylor Ward,579.0,73.2,211.4,65.3,55.7,136.0,7.3,0.0,0.0,0.0,0.0,0.0,0.0,0.0,0.0,0.0,OF,-23.2,201.2,276.9
179,Merrill Kelly,0.0,0.0,0.0,0.0,0.0,0.0,0.0,156.8,149.5,71.9,50.7,144.7,10.4,7.6,0.0,0.0,SP,-76.3,255.3,276.7
180,Charlie Morton,0.0,0.0,0.0,0.0,0.0,0.0,0.0,154.8,142.7,71.1,60.5,154.0,9.6,8.0,0.0,0.0,SP,-77.9,257.9,276.2
181,Paul Goldschmidt,572.0,69.6,219.9,73.7,54.4,148.6,7.2,0.0,0.0,0.0,0.0,0.0,0.0,0.0,0.0,0.0,1B,-45.0,226.0,276.2
182,Alec Burleson,479.0,58.5,189.4,56.9,31.3,67.1,6.8,0.0,0.0,0.0,0.0,0.0,0.0,0.0,0.0,0.0,OF,3.9,178.1,275.8
183,Randy Arozarena,610.0,67.7,212.7,68.6,62.5,156.1,20.1,0.0,0.0,0.0,0.0,0.0,0.0,0.0,0.0,0.0,OF,22.0,161.0,275.5
184,Willson Contreras,558.0,69.4,206.4,68.9,60.3,135.8,5.6,0.0,0.0,0.0,0.0,0.0,0.0,0.0,0.0,0.0,C,35.6,148.4,274.8
185,Lars Nootbaar,505.0,63.9,182.0,56.0,66.7,103.2,8.7,0.0,0.0,0.0,0.0,0.0,0.0,0.0,0.0,0.0,OF,-63.5,248.5,274.1
186,Andres Gimenez,545.0,62.9,195.8,54.7,28.2,91.4,23.7,0.0,0.0,0.0,0.0,0.0,0.0,0.0,0.0,0.0,2B,4.9,181.1,273.9
187,Brandon Nimmo,553.0,68.4,195.5,61.3,62.0,120.4,6.9,0.0,0.0,0.0,0.0,0.0,0.0,0.0,0.0,0.0,OF,37.8,149.2,273.7
188,Ezequiel Tovar,635.0,77.2,252.2,70.2,27.3,165.3,10.8,0.0,0.0,0.0,0.0,0.0,0.0,0.0,0.0,0.0,SS,-42.5,230.5,272.4
189,Carlos Santana,522.0,58.5,186.7,62.8,55.4,94.7,2.9,0.0,0.0,0.0,0.0,0.0,0.0,0.0,0.0,0.0,1B,-60.2,249.2,271.6
190,Jorge Soler,552.0,67.3,211.6,74.8,59.9,143.4,1.4,0.0,0.0,0.0,0.0,0.0,0.0,0.0,0.0,0.0,OF,-57.9,247.9,271.6
191,Yainer Diaz,494.0,58.5,210.3,66.4,21.4,87.2,1.5,0.0,0.0,0.0,0.0,0.0,0.0,0.0,0.0,0.0,C,117.1,73.9,270.9
192,Matt Chapman,591.0,66.7,213.6,71.3,62.5,151.8,8.4,0.0,0.0,0.0,0.0,0.0,0.0,0.0,0.0,0.0,3B,44.7,147.3,270.7
193,Mark Vientos,568.0,70.7,232.5,80.9,44.8,160.4,1.1,0.0,0.0,0.0,0.0,0.0,0.0,0.0,0.0,0.0,3B,-23.7,216.7,269.6
194,Sean Manaea,0.0,0.0,0.0,0.0,0.0,0.0,0.0,143.1,126.5,66.0,50.6,142.8,9.7,6.6,0.0,0.0,SP,-30.0,224.0,269.2
195,Cedric Mullins,510.0,59.6,187.5,58.8,41.2,104.2,26.1,0.0,0.0,0.0,0.0,0.0,0.0,0.0,0.0,0.0,OF,-45.7,240.7,269.0
196,Robert Suarez,0.0,0.0,0.0,0.0,0.0,0.0,0.0,64.8,53.2,26.2,22.3,69.7,3.4,3.0,25.0,3.0,RP,79.5,116.5,268.0
197,Brandon Woodruff,0.0,0.0,0.0,0.0,0.0,0.0,0.0,126.9,110.9,53.5,33.9,135.3,7.8,6.3,0.0,0.0,SP,-46.7,243.7,267.2
198,Jameson Taillon,0.0,0.0,0.0,0.0,0.0,0.0,0.0,169.4,171.6,84.2,40.9,135.9,10.7,9.0,0.0,0.0,SP,-61.9,259.9,266.6
199,Jeff McNeil,512.0,57.4,181.2,52.9,34.1,64.6,5.2,0.0,0.0,0.0,0.0,0.0,0.0,0.0,0.0,0.0,2B/OF,-59.3,258.3,266.2
200,Gavin Williams,0.0,0.0,0.0,0.0,0.0,0.0,0.0,143.0,129.5,65.2,52.9,147.4,8.0,8.1,0.0,0.0,SP,-57.6,257.6,263.4
201,Trevor Megill,0.0,0.0,0.0,0.0,0.0,0.0,0.0,56.7,43.9,22.2,20.1,69.9,3.0,2.6,25.0,3.0,RP,-18.4,219.4,263.4
202,Adolis Garcia,571.0,67.3,221.0,78.2,42.6,156.9,10.8,0.0,0.0,0.0,0.0,0.0,0.0,0.0,0.0,0.0,OF,19.5,182.5,263.0
203,Ryan Walker,0.0,0.0,0.0,0.0,0.0,0.0,0.0,64.8,49.9,22.4,20.5,76.1,3.5,2.8,20.0,3.0,RP,103.9,99.1,262.7
204,Tanner Scott,0.0,0.0,0.0,0.0,0.0,0.0,0.0,64.8,48.7,22.2,28.8,81.2,3.8,2.6,20.0,3.0,RP,57.0,147.0,262.1
205,Nathaniel Lowe,554.0,61.9,195.7,62.3,63.2,123.2,1.7,0.0,0.0,0.0,0.0,0.0,0.0,0.0,0.0,0.0,1B,-29.4,234.4,261.6
206,JP Sears,0.0,0.0,0.0,0.0,0.0,0.0,0.0,172.5,167.5,89.6,50.6,140.7,10.3,10.0,0.0,0.0,SP,-53.9,259.9,261.5
207,Brandon Lowe,519.0,67.2,206.2,66.2,48.8,132.6,5.7,0.0,0.0,0.0,0.0,0.0,0.0,0.0,0.0,0.0,2B,-50.4,257.4,261.5
208,Nestor Cortes,0.0,0.0,0.0,0.0,0.0,0.0,0.0,138.5,129.2,63.4,39.1,137.1,8.7,7.1,0.0,0.0,SP,-31.3,239.3,260.7
209,Salvador Perez,537.0,62.0,212.4,74.4,28.1,117.2,0.4,0.0,0.0,0.0,0.0,0.0,0.0,0.0,0.0,0.0,C/1B,114.8,94.2,260.1
210,Jacob Wilson,461.0,56.3,171.4,47.7,28.6,49.6,5.5,0.0,0.0,0.0,0.0,0.0,0.0,0.0,0.0,0.0,SS,-49.7,259.7,259.9
211,Jake McCarthy,506.0,56.0,178.5,52.2,38.1,90.4,25.3,0.0,0.0,0.0,0.0,0.0,0.0,0.0,0.0,0.0,OF,-39.7,250.7,259.7
212,Dylan Crews,570.0,63.5,202.9,57.0,38.8,126.3,23.2,0.0,0.0,0.0,0.0,0.0,0.0,0.0,0.0,0.0,OF,8.3,203.7,259.1
213,Dansby Swanson,596.0,64.2,208.2,65.1,53.3,145.2,13.4,0.0,0.0,0.0,0.0,0.0,0.0,0.0,0.0,0.0,SS,-8.9,221.9,259.0
214,Luis Robert Jr.,580.0,69.2,232.3,67.4,33.6,167.2,23.4,0.0,0.0,0.0,0.0,0.0,0.0,0.0,0.0,0.0,OF,-12.9,226.9,258.7
215,Willi Castro,606.0,70.7,207.5,56.8,43.8,140.8,20.0,0.0,0.0,0.0,0.0,0.0,0.0,0.0,0.0,0.0,2B/SS/ 3B/OF,-11.8,226.8,258.0
216,Brenton Doyle,598.0,70.1,220.7,65.3,39.9,171.0,26.9,0.0,0.0,0.0,0.0,0.0,0.0,0.0,0.0,0.0,OF,9.7,206.3,251.9
217,Jake Cronenworth,538.0,58.7,186.4,57.6,48.1,103.2,4.2,0.0,0.0,0.0,0.0,0.0,0.0,0.0,0.0,0.0,1B/2B,45.1,171.9,251.8
218,Brayan Bello,0.0,0.0,0.0,0.0,0.0,0.0,0.0,143.1,137.8,61.7,50.0,130.0,8.8,7.3,0.0,0.0,SP,-40.2,258.2,251.1
219,Alexis Diaz,0.0,0.0,0.0,0.0,0.0,0.0,0.0,64.8,54.2,29.9,31.0,69.3,3.2,3.1,25.0,3.0,RP,40.7,178.3,249.9
220,Maikel Garcia,513.0,56.7,171.6,46.5,38.4,89.9,26.3,0.0,0.0,0.0,0.0,0.0,0.0,0.0,0.0,0.0,2B/3B,33.6,186.4,249.6
221,David Bednar,0.0,0.0,0.0,0.0,0.0,0.0,0.0,58.3,47.5,24.2,22.1,61.4,2.9,2.8,25.0,3.0,RP,31.0,190.0,249.5
222,Spencer Strider,0.0,0.0,0.0,0.0,0.0,0.0,0.0,95.2,70.5,34.1,30.9,125.7,7.0,3.4,0.0,0.0,SP,53.2,168.8,248.9
223,Jeff Hoffman,0.0,0.0,0.0,0.0,0.0,0.0,0.0,58.3,43.6,21.2,20.0,72.0,3.2,2.5,20.0,3.0,RP,75.4,147.6,248.3
224,Tyler Anderson,0.0,0.0,0.0,0.0,0.0,0.0,0.0,178.6,181.7,91.7,65.5,141.8,10.8,10.2,0.0,0.0,SP,-35.9,259.9,248.2
225,Lane Thomas,558.0,63.3,200.5,58.9,45.0,143.9,24.0,0.0,0.0,0.0,0.0,0.0,0.0,0.0,0.0,0.0,OF,-27.8,252.8,247.8
226,Miles Mikolas,0.0,0.0,0.0,0.0,0.0,0.0,0.0,166.3,179.9,80.7,31.6,119.4,9.9,9.2,0.0,0.0,SP,-34.0,260.0,246.8
227,Jesus Sanchez,527.0,59.5,203.2,64.6,45.0,136.1,10.0,0.0,0.0,0.0,0.0,0.0,0.0,0.0,0.0,0.0,OF,-32.9,259.9,246.2
228,Justin Martinez,0.0,0.0,0.0,0.0,0.0,0.0,0.0,64.8,50.0,21.8,32.6,80.7,3.7,2.6,15.0,10.0,RP,30.1,197.9,246.1
229,Kenley Jansen,0.0,0.0,0.0,0.0,0.0,0.0,0.0,64.8,50.4,27.7,25.0,75.8,3.3,3.1,20.0,3.0,RP,-13.5,242.5,245.8
230,Tommy Edman,478.0,54.6,171.3,52.6,33.0,84.5,18.6,0.0,0.0,0.0,0.0,0.0,0.0,0.0,0.0,0.0,OF,38.1,191.9,245.6
231,Cal Raleigh,532.0,62.4,204.0,69.3,52.6,146.0,3.2,0.0,0.0,0.0,0.0,0.0,0.0,0.0,0.0,0.0,C,127.8,103.2,245.5
232,Josh Bell,495.0,56.3,179.6,56.8,49.1,98.3,1.1,0.0,0.0,0.0,0.0,0.0,0.0,0.0,0.0,0.0,1B,-22.2,254.2,244.6
233,Kutter Crawford,0.0,0.0,0.0,0.0,0.0,0.0,0.0,137.4,125.8,66.3,40.8,129.1,8.5,7.4,0.0,0.0,SP,-26.7,259.7,244.3
234,Shane Baz,0.0,0.0,0.0,0.0,0.0,0.0,0.0,147.6,137.9,72.4,55.2,137.2,9.0,8.1,0.0,0.0,SP,-17.0,251.0,243.9
235,Ryan Mountcastle,526.0,60.8,202.3,66.8,36.3,125.7,3.1,0.0,0.0,0.0,0.0,0.0,0.0,0.0,0.0,0.0,1B,-20.3,255.3,243.6
236,Colton Cowser,562.0,67.0,203.3,67.7,59.7,163.5,8.8,0.0,0.0,0.0,0.0,0.0,0.0,0.0,0.0,0.0,OF,-11.8,247.8,243.0
237,Ryan McMahon,615.0,69.3,211.1,69.1,64.7,178.4,7.2,0.0,0.0,0.0,0.0,0.0,0.0,0.0,0.0,0.0,3B,-21.9,258.9,243.0
238,J.P. Crawford,552.0,61.9,174.0,47.7,64.5,109.6,4.3,0.0,0.0,0.0,0.0,0.0,0.0,0.0,0.0,0.0,SS,-21.6,259.6,242.8
239,Joey Ortiz,515.0,57.8,180.7,51.3,45.3,103.8,10.9,0.0,0.0,0.0,0.0,0.0,0.0,0.0,0.0,0.0,3B,-18.1,257.1,242.2
240,Zach Neto,460.0,56.0,178.5,55.9,31.7,99.8,19.5,0.0,0.0,0.0,0.0,0.0,0.0,0.0,0.0,0.0,SS,-13.9,253.9,241.8
241,Drew Rasmussen,0.0,0.0,0.0,0.0,0.0,0.0,0.0,118.1,110.4,48.0,30.9,113.3,6.7,6.0,0.0,5.0,SP,-17.4,258.4,241.7
242,Colt Keith,502.0,55.1,183.2,54.7,41.3,98.5,4.7,0.0,0.0,0.0,0.0,0.0,0.0,0.0,0.0,0.0,2B,-13.6,255.6,240.5
243,Max Muncy,521.0,63.6,177.9,64.1,71.4,139.9,3.2,0.0,0.0,0.0,0.0,0.0,0.0,0.0,0.0,0.0,SS,-178.2,421.2,240.3
244,Max Muncy,521.0,63.6,177.9,64.1,71.4,139.9,3.2,0.0,0.0,0.0,0.0,0.0,0.0,0.0,0.0,0.0,3B,-177.2,421.2,240.3
245,Jasson Dominguez,476.0,57.8,177.4,56.8,46.5,115.6,16.9,0.0,0.0,0.0,0.0,0.0,0.0,0.0,0.0,0.0,OF,9.8,235.2,239.8
246,Josh Lowe,526.0,62.1,201.8,61.4,44.2,154.1,23.7,0.0,0.0,0.0,0.0,0.0,0.0,0.0,0.0,0.0,OF,-0.5,246.5,239.1
247,Brayan Rocchio,482.0,56.5,161.4,47.8,45.4,86.3,12.5,0.0,0.0,0.0,0.0,0.0,0.0,0.0,0.0,0.0,SS,-12.9,259.9,237.3
248,Reid Detmers,0.0,0.0,0.0,0.0,0.0,0.0,0.0,115.1,103.1,48.9,39.9,126.9,6.5,6.1,0.0,2.0,SP,-11.9,259.9,236.2
249,Jake Burger,513.0,62.2,206.5,70.0,32.1,136.5,1.9,0.0,0.0,0.0,0.0,0.0,0.0,0.0,0.0,0.0,1B/3B,55.0,194.0,236.2
250,Ke’Bryan Hayes,529.0,53.6,183.0,52.4,37.3,104.1,13.6,0.0,0.0,0.0,0.0,0.0,0.0,0.0,0.0,0.0,3B,-9.9,259.9,235.8
251,Aroldis Chapman,0.0,0.0,0.0,0.0,0.0,0.0,0.0,58.3,39.1,19.2,31.9,82.4,3.3,2.4,12.0,13.0,RP,7.4,243.6,235.7
252,Max Scherzer,0.0,0.0,0.0,0.0,0.0,0.0,0.0,113.5,98.9,49.8,28.6,120.7,6.7,5.9,0.0,0.0,SP,3.8,248.2,235.7
253,Rhys Hoskins,540.0,62.9,198.9,67.1,55.4,151.4,2.7,0.0,0.0,0.0,0.0,0.0,0.0,0.0,0.0,0.0,1B,-1.5,254.5,235.6
254,Eugenio Suarez,598.0,67.1,211.1,70.4,55.4,171.4,2.4,0.0,0.0,0.0,0.0,0.0,0.0,0.0,0.0,0.0,3B,19.1,234.9,235.0
255,Byron Buxton,485.0,59.2,199.4,67.2,36.0,137.4,8.0,0.0,0.0,0.0,0.0,0.0,0.0,0.0,0.0,0.0,OF,1.4,253.6,232.4
256,Pete Fairbanks,0.0,0.0,0.0,0.0,0.0,0.0,0.0,56.7,45.6,22.1,21.5,64.2,3.0,2.6,20.0,3.0,RP,19.0,237.0,229.8
257,Pete Crow-Armstrong,521.0,58.0,187.0,54.0,32.1,128.9,26.5,0.0,0.0,0.0,0.0,0.0,0.0,0.0,0.0,0.0,OF,17.1,239.9,228.7
258,Keibert Ruiz,418.0,44.1,157.3,48.5,22.8,47.6,3.5,0.0,0.0,0.0,0.0,0.0,0.0,0.0,0.0,0.0,C,97.5,160.5,228.6
259,Michael Conforto,472.0,57.7,177.7,59.5,44.4,112.8,2.1,0.0,0.0,0.0,0.0,0.0,0.0,0.0,0.0,0.0,OF,0.0,259.0,228.6
260,Thairo Estrada,477.0,54.8,179.3,52.2,22.8,92.2,11.3,0.0,0.0,0.0,0.0,0.0,0.0,0.0,0.0,0.0,2B,0.5,259.5,228.2
261,Justin Verlander,0.0,0.0,0.0,0.0,0.0,0.0,0.0,137.3,132.9,66.1,33.9,115.6,7.7,8.0,0.0,0.0,SP,5.8,255.2,227.9
262,Joc Pederson,420.0,54.4,165.6,58.2,45.6,100.8,4.5,0.0,0.0,0.0,0.0,0.0,0.0,0.0,0.0,0.0,DH,4.2,257.8,227.5
263,Cody Bradford,0.0,0.0,0.0,0.0,0.0,0.0,0.0,113.6,107.6,50.6,24.6,104.3,6.5,5.6,0.0,7.0,SP,3.0,260.0,227.5
264,Griffin Jax,0.0,0.0,0.0,0.0,0.0,0.0,0.0,64.8,51.7,22.8,18.7,75.9,3.5,2.8,5.0,23.0,RP,20.9,243.1,226.7
265,Michael Toglia,537.0,62.3,196.4,67.8,54.8,162.8,8.0,0.0,0.0,0.0,0.0,0.0,0.0,0.0,0.0,0.0,1B,6.7,258.3,226.5
266,Kerry Carpenter,471.0,55.4,187.9,62.2,34.4,117.4,3.5,0.0,0.0,0.0,0.0,0.0,0.0,0.0,0.0,0.0,OF,28.1,237.9,226.0
267,Jeimer Candelario,473.0,54.4,182.3,59.5,36.7,112.5,5.3,0.0,0.0,0.0,0.0,0.0,0.0,0.0,0.0,0.0,1B/3B,7.8,259.2,225.7
268,Casey Mize,0.0,0.0,0.0,0.0,0.0,0.0,0.0,143.0,144.3,67.0,39.9,115.9,7.7,8.5,0.0,0.0,SP,8.0,260.0,225.1
269,Orlando Arcia,502.0,57.7,172.1,55.4,38.4,102.6,1.8,0.0,0.0,0.0,0.0,0.0,0.0,0.0,0.0,0.0,SS,9.2,259.8,222.8
270,Ryan Weathers,0.0,0.0,0.0,0.0,0.0,0.0,0.0,139.9,135.7,64.9,51.2,121.9,7.3,8.6,0.0,0.0,SP,10.0,260.0,222.3
271,Heliot Ramos,530.0,59.5,194.4,60.4,40.3,140.1,6.3,0.0,0.0,0.0,0.0,0.0,0.0,0.0,0.0,0.0,OF,20.9,250.1,220.8
272,Parker Meadows,493.0,58.7,166.5,46.2,44.7,113.4,17.9,0.0,0.0,0.0,0.0,0.0,0.0,0.0,0.0,0.0,OF,13.6,258.4,220.6
273,Matt Shaw,458.0,52.5,164.1,50.1,38.2,98.9,14.4,0.0,0.0,0.0,0.0,0.0,0.0,0.0,0.0,0.0,3B,44.5,228.5,220.4
274,Josh Jung,520.0,58.5,201.4,66.8,29.8,141.9,5.2,0.0,0.0,0.0,0.0,0.0,0.0,0.0,0.0,0.0,3B,19.1,254.9,219.8
275,Clay Holmes,0.0,0.0,0.0,0.0,0.0,0.0,0.0,123.9,116.1,51.6,51.0,112.6,8.3,5.4,0.0,0.0,SP,21.5,253.5,219.8
276,Ryan Pressly,0.0,0.0,0.0,0.0,0.0,0.0,0.0,59.9,53.5,22.8,18.2,63.0,3.2,2.7,15.0,9.0,RP,106.3,169.7,219.4
277,Kumar Rocker,0.0,0.0,0.0,0.0,0.0,0.0,0.0,113.5,106.9,47.8,34.7,114.1,6.7,5.8,0.0,0.0,SP,17.9,259.1,219.2
278,Lucas Erceg,0.0,0.0,0.0,0.0,0.0,0.0,0.0,64.8,52.4,23.4,24.8,73.9,3.6,2.8,7.0,19.0,RP,42.6,235.4,218.9
279,Clarke Schmidt,0.0,0.0,0.0,0.0,0.0,0.0,0.0,120.3,113.5,53.2,40.4,114.8,7.4,6.1,0.0,0.0,SP,22.8,256.2,218.0
280,Michael Busch,534.0,59.2,186.8,60.7,55.7,147.5,2.7,0.0,0.0,0.0,0.0,0.0,0.0,0.0,0.0,0.0,1B,29.3,250.7,217.6
281,Chris Martin,0.0,0.0,0.0,0.0,0.0,0.0,0.0,56.7,51.2,20.5,11.3,58.9,3.1,2.4,10.0,20.0,RP,21.2,259.8,216.9
282,Jesse Winker,442.0,51.5,144.7,46.8,60.5,95.5,7.9,0.0,0.0,0.0,0.0,0.0,0.0,0.0,0.0,0.0,OF,22.9,259.1,215.9
283,Victor Robles,497.0,54.4,159.9,41.7,36.0,108.5,31.1,0.0,0.0,0.0,0.0,0.0,0.0,0.0,0.0,0.0,OF,24.6,258.4,214.6
284,Gabriel Moreno,404.0,47.2,146.2,42.6,38.9,66.1,4.7,0.0,0.0,0.0,0.0,0.0,0.0,0.0,0.0,0.0,C,75.1,208.9,213.5
285,Ryan O’Hearn,393.0,46.4,155.7,50.4,29.1,72.2,3.0,0.0,0.0,0.0,0.0,0.0,0.0,0.0,0.0,0.0,1B/OF,25.5,259.5,212.4
286,Camilo Doval,0.0,0.0,0.0,0.0,0.0,0.0,0.0,64.8,50.2,23.0,27.7,77.3,3.5,2.9,5.0,19.0,RP,27.0,259.0,212.0
287,Aaron Civale,0.0,0.0,0.0,0.0,0.0,0.0,0.0,126.4,125.6,62.1,37.5,119.9,7.2,7.3,0.0,0.0,SP,27.4,259.6,211.6
288,Carlos Estevez,0.0,0.0,0.0,0.0,0.0,0.0,0.0,64.8,55.2,28.6,22.7,63.6,3.3,3.1,15.0,6.0,RP,31.0,257.0,210.3
289,Ty France,456.0,50.8,162.2,49.0,32.0,85.3,1.5,0.0,0.0,0.0,0.0,0.0,0.0,0.0,0.0,0.0,1B,29.1,259.9,210.2
290,Matthew Boyd,0.0,0.0,0.0,0.0,0.0,0.0,0.0,113.5,103.9,50.7,37.8,111.7,6.6,6.1,0.0,0.0,SP,30.2,259.8,210.1
291,Jason Adam,0.0,0.0,0.0,0.0,0.0,0.0,0.0,64.8,48.9,25.4,23.1,76.5,3.4,2.9,3.0,23.0,RP,50.6,240.4,210.1
292,Kirby Yates,0.0,0.0,0.0,0.0,0.0,0.0,0.0,59.9,43.3,24.2,27.4,73.6,3.3,2.6,10.0,12.0,RP,49.0,243.0,209.6
293,Ha-Seong Kim,399.0,46.6,133.9,39.7,43.5,71.8,17.2,0.0,0.0,0.0,0.0,0.0,0.0,0.0,0.0,0.0,SS,33.2,259.8,209.1
294,Christian Encarnacion-Strand,411.0,50.5,176.3,57.3,27.4,105.5,2.4,0.0,0.0,0.0,0.0,0.0,0.0,0.0,0.0,0.0,1B,34.5,259.5,208.4
295,Luis Gil,0.0,0.0,0.0,0.0,0.0,0.0,0.0,109.7,90.1,50.5,51.5,119.7,6.6,5.8,0.0,0.0,SP,55.9,239.1,207.8
296,Nick Martinez,0.0,0.0,0.0,0.0,0.0,0.0,0.0,137.5,143.4,66.0,39.1,111.9,7.2,8.3,0.0,0.0,SP,57.9,238.1,207.7
297,Tyler O’Neill,502.0,59.0,182.1,64.2,50.1,153.9,6.0,0.0,0.0,0.0,0.0,0.0,0.0,0.0,0.0,0.0,OF,48.9,248.1,207.5
298,Jordan Romano,0.0,0.0,0.0,0.0,0.0,0.0,0.0,51.0,43.0,21.8,19.6,54.2,2.6,2.4,20.0,3.0,RP,45.9,252.1,207.4
299,Cade Smith,0.0,0.0,0.0,0.0,0.0,0.0,0.0,64.8,50.1,22.5,22.0,82.5,3.6,2.8,0.0,23.0,RP,53.4,245.6,207.4
300,Austin Wells,425.0,51.8,154.4,50.2,41.8,95.5,4.3,0.0,0.0,0.0,0.0,0.0,0.0,0.0,0.0,0.0,C,61.8,238.2,207.0
301,Kyle Freeland,0.0,0.0,0.0,0.0,0.0,0.0,0.0,157.7,174.9,77.0,41.9,110.9,7.4,10.7,0.0,0.0,SP,41.1,259.9,206.6
302,Isiah Kiner-Falefa,466.0,48.7,152.9,40.8,24.4,73.5,13.0,0.0,0.0,0.0,0.0,0.0,0.0,0.0,0.0,0.0,2B/SS/ 3B,42.5,259.5,206.3
303,Andre Pallante,0.0,0.0,0.0,0.0,0.0,0.0,0.0,145.0,143.8,66.8,59.9,104.9,9.0,7.5,0.0,0.0,SP,43.7,259.3,205.6
304,Zack Gelof,566.0,61.9,191.9,59.8,44.0,174.3,21.4,0.0,0.0,0.0,0.0,0.0,0.0,0.0,0.0,0.0,2B,44.6,259.4,204.7
305,Tyler Soderstrom,480.0,53.9,176.9,60.1,35.6,123.3,1.5,0.0,0.0,0.0,0.0,0.0,0.0,0.0,0.0,0.0,1B,45.1,259.9,204.7
306,Walker Buehler,0.0,0.0,0.0,0.0,0.0,0.0,0.0,137.3,139.6,67.8,46.4,114.0,8.0,7.8,0.0,0.0,SP,60.4,245.6,204.7
307,Bryan Abreu,0.0,0.0,0.0,0.0,0.0,0.0,0.0,64.8,48.1,23.7,25.8,83.8,3.6,2.8,0.0,23.0,RP,63.0,244.0,204.5
308,Connor Norby,534.0,59.9,186.7,51.7,43.9,146.6,8.4,0.0,0.0,0.0,0.0,0.0,0.0,0.0,0.0,0.0,3B,54.8,253.2,204.0
309,Shea Langeliers,455.0,52.4,172.9,61.6,35.5,122.8,3.7,0.0,0.0,0.0,0.0,0.0,0.0,0.0,0.0,0.0,C,106.5,202.5,203.3
310,Jeremiah Estrada,0.0,0.0,0.0,0.0,0.0,0.0,0.0,64.8,47.4,24.2,28.9,86.2,3.5,2.8,0.0,23.0,RP,50.7,259.3,203.3
311,Luke Weaver,0.0,0.0,0.0,0.0,0.0,0.0,0.0,64.8,55.9,25.9,17.6,69.4,3.5,2.9,5.0,19.0,RP,74.6,236.4,202.7
312,Sal Frelick,418.0,42.4,137.4,37.8,35.3,62.5,11.3,0.0,0.0,0.0,0.0,0.0,0.0,0.0,0.0,0.0,OF,56.1,255.9,201.7
313,Alejandro Kirk,355.0,41.0,129.7,39.2,35.0,44.5,0.9,0.0,0.0,0.0,0.0,0.0,0.0,0.0,0.0,0.0,C,93.4,219.6,201.3
314,Jordan Hicks,0.0,0.0,0.0,0.0,0.0,0.0,0.0,129.5,123.6,60.6,55.4,114.2,6.9,7.6,0.0,0.0,SP,54.4,259.6,201.1
315,Logan O’Hoppe,458.0,53.0,171.6,57.7,35.0,120.2,3.6,0.0,0.0,0.0,0.0,0.0,0.0,0.0,0.0,0.0,C,81.4,233.6,200.7
316,Tyler Stephenson,435.0,50.5,162.2,50.6,39.2,103.7,1.5,0.0,0.0,0.0,0.0,0.0,0.0,0.0,0.0,0.0,C,124.6,191.4,200.3
317,Eduardo Rodriguez,0.0,0.0,0.0,0.0,0.0,0.0,0.0,113.5,110.0,50.3,35.8,103.8,6.9,5.8,0.0,0.0,SP,57.0,260.0,200.1
318,Christopher Morel,432.0,50.3,163.2,54.8,40.9,117.7,7.8,0.0,0.0,0.0,0.0,0.0,0.0,0.0,0.0,0.0,2B/3B,75.4,242.6,199.3
319,Masataka Yoshida,353.0,41.2,135.1,41.6,27.5,48.6,2.5,0.0,0.0,0.0,0.0,0.0,0.0,0.0,0.0,0.0,DH,59.4,259.6,199.3
320,Max Kepler,419.0,47.3,149.7,47.9,34.9,83.6,1.9,0.0,0.0,0.0,0.0,0.0,0.0,0.0,0.0,0.0,OF,60.2,259.8,198.1
321,Lucas Giolito,0.0,0.0,0.0,0.0,0.0,0.0,0.0,113.5,105.9,54.3,40.1,110.4,6.3,6.5,0.0,0.0,SP,61.0,260.0,195.9
322,Alex Vesia,0.0,0.0,0.0,0.0,0.0,0.0,0.0,64.8,48.0,26.2,27.8,80.3,3.5,2.8,2.0,19.0,RP,62.6,259.4,195.9
323,Tommy Pham,473.0,51.4,158.6,43.5,38.1,107.1,10.9,0.0,0.0,0.0,0.0,0.0,0.0,0.0,0.0,0.0,OF,63.0,260.0,195.4
324,Nolan Jones,466.0,52.9,162.5,51.5,55.0,137.7,10.9,0.0,0.0,0.0,0.0,0.0,0.0,0.0,0.0,0.0,OF,64.6,259.4,195.1
325,Ben Joyce,0.0,0.0,0.0,0.0,0.0,0.0,0.0,56.7,43.0,20.9,26.4,71.2,3.0,2.5,7.0,14.0,RP,67.8,257.2,194.1
326,Ben Lively,0.0,0.0,0.0,0.0,0.0,0.0,0.0,143.0,150.3,76.0,44.6,114.3,7.6,9.1,0.0,0.0,SP,66.1,259.9,193.4
327,J.T. Realmuto,430.0,49.0,160.0,50.3,30.1,104.6,7.0,0.0,0.0,0.0,0.0,0.0,0.0,0.0,0.0,0.0,C,121.0,206.0,191.8
328,Hayden Birdsong,0.0,0.0,0.0,0.0,0.0,0.0,0.0,102.1,89.0,46.4,44.5,108.3,5.4,5.8,0.0,2.0,SP,68.3,259.7,191.5
329,Ernie Clement,336.0,37.3,127.9,37.4,15.6,33.7,6.9,0.0,0.0,0.0,0.0,0.0,0.0,0.0,0.0,0.0,SS/3B,69.1,259.9,191.4
330,Kyle Harrison,0.0,0.0,0.0,0.0,0.0,0.0,0.0,100.4,89.6,44.7,36.3,103.3,8.6,7.6,0.0,0.0,SP,70.1,259.9,191.2
331,Liam Hendriks,0.0,0.0,0.0,0.0,0.0,0.0,0.0,56.7,46.3,22.3,16.4,63.5,3.0,2.5,7.0,14.0,RP,74.7,256.3,190.3
332,Fernando Cruz,0.0,0.0,0.0,0.0,0.0,0.0,0.0,58.3,43.8,21.0,23.7,76.9,3.2,2.5,0.0,23.0,RP,72.3,259.7,189.7
333,Andrew McCutchen,459.0,50.9,147.2,45.5,53.2,113.4,5.3,0.0,0.0,0.0,0.0,0.0,0.0,0.0,0.0,0.0,DH,73.2,259.8,188.7
334,Matt Strahm,0.0,0.0,0.0,0.0,0.0,0.0,0.0,58.3,44.0,21.1,16.4,68.6,3.2,2.5,0.0,23.0,RP,75.1,258.9,188.3
335,Miguel Vargas,411.0,44.9,137.3,40.9,47.4,90.4,8.0,0.0,0.0,0.0,0.0,0.0,0.0,0.0,0.0,0.0,3B/OF,75.1,259.9,188.1
336,Orion Kerkering,0.0,0.0,0.0,0.0,0.0,0.0,0.0,64.8,52.5,23.0,22.0,74.0,3.6,2.7,0.0,19.0,RP,77.7,258.3,187.7
337,Gavin Lux,392.0,46.1,138.4,40.8,38.6,82.2,5.0,0.0,0.0,0.0,0.0,0.0,0.0,0.0,0.0,0.0,2B,77.7,259.3,186.7
338,Tyler Holton,0.0,0.0,0.0,0.0,0.0,0.0,0.0,64.8,55.0,26.1,17.6,58.4,3.3,3.1,5.0,16.0,RP,80.6,257.4,185.4
339,Shane Bieber,0.0,0.0,0.0,0.0,0.0,0.0,0.0,88.2,82.2,34.9,20.8,90.7,4.9,4.5,0.0,1.0,SP,80.1,258.9,185.3
340,Brandon Marsh,472.0,55.0,162.7,49.9,48.3,145.4,14.5,0.0,0.0,0.0,0.0,0.0,0.0,0.0,0.0,0.0,OF,80.7,259.3,185.0
341,Trevor Story,515.0,52.7,166.3,52.8,41.9,148.3,19.0,0.0,0.0,0.0,0.0,0.0,0.0,0.0,0.0,0.0,SS,83.2,257.8,184.4
342,Kris Bryant,444.0,48.2,153.3,50.6,38.1,107.3,1.0,0.0,0.0,0.0,0.0,0.0,0.0,0.0,0.0,0.0,DH,82.6,259.4,183.9
343,Ryan Jeffers,383.0,45.6,143.1,46.8,32.1,86.8,2.9,0.0,0.0,0.0,0.0,0.0,0.0,0.0,0.0,0.0,C,91.0,252.0,183.7
344,A.J. Puk,0.0,0.0,0.0,0.0,0.0,0.0,0.0,56.7,45.4,20.9,19.6,66.0,3.1,2.4,5.0,14.0,RP,100.5,243.5,183.7
345,Hyeseong Kim,368.0,42.7,127.5,36.3,21.9,59.1,14.4,0.0,0.0,0.0,0.0,0.0,0.0,0.0,0.0,0.0,2B,88.0,257.0,183.7
346,Jose Miranda,350.0,39.5,137.5,41.4,21.0,58.5,2.4,0.0,0.0,0.0,0.0,0.0,0.0,0.0,0.0,0.0,3B,86.1,259.9,183.3
347,Blake Treinen,0.0,0.0,0.0,0.0,0.0,0.0,0.0,56.7,47.7,21.9,17.7,61.9,3.1,2.4,5.0,17.0,RP,89.0,258.0,183.2
348,Jorge Polanco,488.0,50.8,158.8,50.3,50.9,132.3,4.4,0.0,0.0,0.0,0.0,0.0,0.0,0.0,0.0,0.0,2B,88.1,259.9,182.9
349,Sean Burke,0.0,0.0,0.0,0.0,0.0,0.0,0.0,128.8,125.0,66.0,57.4,116.0,6.1,8.8,0.0,0.0,SP,89.1,259.9,182.6
350,Mike Yastrzemski,454.0,50.1,158.1,48.5,42.4,120.9,4.0,0.0,0.0,0.0,0.0,0.0,0.0,0.0,0.0,0.0,OF,90.1,259.9,182.2
351,Landen Roupp,0.0,0.0,0.0,0.0,0.0,0.0,0.0,102.1,93.9,45.1,41.1,96.4,5.5,5.6,0.0,2.0,SP,91.0,260.0,181.3
352,Kristian Campbell,385.0,44.8,136.5,40.7,37.5,88.5,9.5,0.0,0.0,0.0,0.0,0.0,0.0,0.0,0.0,0.0,2B,93.8,258.2,180.5
353,Jason Foley,0.0,0.0,0.0,0.0,0.0,0.0,0.0,58.3,53.9,24.3,17.7,49.5,2.9,2.8,10.0,13.0,RP,99.5,253.5,180.4
354,Grant Holmes,0.0,0.0,0.0,0.0,0.0,0.0,0.0,110.1,112.4,53.1,35.6,97.5,6.8,5.4,0.0,2.0,SP,95.3,258.7,180.4
355,Chad Green,0.0,0.0,0.0,0.0,0.0,0.0,0.0,64.8,57.0,29.5,19.9,64.2,3.2,3.1,5.0,16.0,RP,95.4,259.6,179.9
356,Yennier Cano,0.0,0.0,0.0,0.0,0.0,0.0,0.0,58.3,51.5,21.8,20.4,57.9,3.2,2.5,3.0,23.0,RP,98.8,257.2,179.7
357,Matt Wallner,461.0,56.8,172.3,55.2,46.1,155.1,4.4,0.0,0.0,0.0,0.0,0.0,0.0,0.0,0.0,0.0,OF,97.1,259.9,179.7
358,Griffin Canning,0.0,0.0,0.0,0.0,0.0,0.0,0.0,107.0,104.8,52.2,35.1,94.6,6.7,5.3,0.0,2.0,SP,98.0,260.0,178.1
359,Tyler Fitzgerald,509.0,52.5,174.4,53.9,33.7,153.8,17.3,0.0,0.0,0.0,0.0,0.0,0.0,0.0,0.0,0.0,SS,99.1,259.9,178.0
360,Luis L. Ortiz,0.0,0.0,0.0,0.0,0.0,0.0,0.0,115.1,112.9,58.2,41.9,99.0,6.6,6.5,0.0,2.0,SP,100.6,259.4,177.3
361,Chas McCormick,421.0,47.5,144.5,45.3,35.3,108.5,12.5,0.0,0.0,0.0,0.0,0.0,0.0,0.0,0.0,0.0,OF,101.0,260.0,176.6
362,Jose Alvarado,0.0,0.0,0.0,0.0,0.0,0.0,0.0,58.3,45.9,21.3,26.3,67.7,3.2,2.5,3.0,16.0,RP,102.5,259.5,176.2
363,Garrett Mitchell,436.0,46.7,152.0,48.0,42.4,130.5,17.4,0.0,0.0,0.0,0.0,0.0,0.0,0.0,0.0,0.0,OF,103.3,259.7,176.0
364,Osvaldo Bido,0.0,0.0,0.0,0.0,0.0,0.0,0.0,103.7,93.8,51.4,40.4,93.9,5.6,6.0,0.0,4.0,SP,104.0,260.0,175.2
365,Wilyer Abreu,394.0,45.4,141.5,45.1,42.0,106.2,7.3,0.0,0.0,0.0,0.0,0.0,0.0,0.0,0.0,0.0,OF,105.5,259.5,175.1
366,Austin Hays,378.0,45.7,149.4,43.5,23.3,91.7,3.4,0.0,0.0,0.0,0.0,0.0,0.0,0.0,0.0,0.0,OF,106.1,259.9,173.6
367,Oswaldo Cabrera,362.0,43.0,130.2,41.1,27.4,75.9,7.1,0.0,0.0,0.0,0.0,0.0,0.0,0.0,0.0,0.0,3B,107.5,259.5,172.9
368,Tony Gonsolin,0.0,0.0,0.0,0.0,0.0,0.0,0.0,113.5,112.2,58.9,39.1,99.0,7.1,6.1,0.0,0.0,SP,108.3,259.7,172.4
369,Nick Gonzales,409.0,42.0,146.0,40.7,29.3,90.8,4.8,0.0,0.0,0.0,0.0,0.0,0.0,0.0,0.0,0.0,2B,109.1,259.9,172.0
370,Adrian Morejon,0.0,0.0,0.0,0.0,0.0,0.0,0.0,64.8,56.5,25.9,24.4,70.0,3.4,2.9,0.0,19.0,RP,110.0,260.0,170.7
371,Ceddanne Rafaela,381.0,44.9,142.7,43.0,14.3,89.7,15.4,0.0,0.0,0.0,0.0,0.0,0.0,0.0,0.0,0.0,SS/OF,117.9,253.1,170.6
372,Porter Hodge,0.0,0.0,0.0,0.0,0.0,0.0,0.0,56.7,46.5,23.9,26.2,61.4,2.9,2.7,5.0,17.0,RP,113.8,258.2,170.4
373,Jackson Holliday,404.0,50.3,128.9,41.0,50.5,107.9,7.4,0.0,0.0,0.0,0.0,0.0,0.0,0.0,0.0,0.0,2B,159.3,213.7,170.2
374,Rhett Lowder,0.0,0.0,0.0,0.0,0.0,0.0,0.0,111.9,118.7,52.4,35.8,89.8,6.0,6.4,0.0,2.0,SP,114.0,260.0,169.4
375,Marcus Stroman,0.0,0.0,0.0,0.0,0.0,0.0,0.0,122.0,131.0,58.8,41.4,91.6,9.6,9.0,0.0,0.0,SP,115.5,259.5,168.8
376,Starling Marte,371.0,40.7,130.9,38.9,23.9,79.3,13.5,0.0,0.0,0.0,0.0,0.0,0.0,0.0,0.0,0.0,OF,116.1,259.9,168.6
377,Jonah Heim,354.0,41.2,125.2,40.2,24.6,65.7,2.2,0.0,0.0,0.0,0.0,0.0,0.0,0.0,0.0,0.0,C,121.0,256.0,167.7
378,Hunter Gaddis,0.0,0.0,0.0,0.0,0.0,0.0,0.0,64.8,56.5,29.9,18.4,62.1,3.1,3.2,0.0,23.0,RP,120.2,257.8,167.6
379,Eury Perez,0.0,0.0,0.0,0.0,0.0,0.0,0.0,81.0,66.5,34.9,26.6,89.0,4.0,5.0,0.0,0.0,SP,119.1,259.9,167.1
380,Ivan Herrera,349.0,40.9,117.2,35.2,42.4,73.7,4.7,0.0,0.0,0.0,0.0,0.0,0.0,0.0,0.0,0.0,C,121.6,258.4,166.7
381,Bo Naylor,381.0,44.2,132.5,42.1,39.6,99.5,6.6,0.0,0.0,0.0,0.0,0.0,0.0,0.0,0.0,0.0,C,121.5,259.5,165.5
382,Paul Sewald,0.0,0.0,0.0,0.0,0.0,0.0,0.0,56.7,47.8,25.4,19.0,63.1,2.8,2.8,3.0,17.0,RP,122.1,259.9,164.6
383,Evan Phillips,0.0,0.0,0.0,0.0,0.0,0.0,0.0,52.9,43.5,20.2,16.6,60.0,2.9,2.2,3.0,15.0,RP,123.0,260.0,164.6
384,Jackson Jobe,0.0,0.0,0.0,0.0,0.0,0.0,0.0,128.8,132.4,68.4,47.9,97.8,6.8,8.3,0.0,0.0,SP,129.0,255.0,164.1
385,Bryan Baker,0.0,0.0,0.0,0.0,0.0,0.0,0.0,62.4,53.4,27.4,25.5,64.7,3.2,2.9,3.0,15.0,RP,125.0,260.0,163.8
386,Triston McKenzie,0.0,0.0,0.0,0.0,0.0,0.0,0.0,115.8,110.0,64.0,50.8,107.6,6.0,7.7,0.0,0.0,SP,126.1,259.9,162.8
387,Jose Butto,0.0,0.0,0.0,0.0,0.0,0.0,0.0,64.8,55.3,28.7,23.5,64.7,3.3,3.0,0.0,18.0,RP,127.1,259.9,159.5
388,Michael Kopech,0.0,0.0,0.0,0.0,0.0,0.0,0.0,51.5,39.5,22.6,23.1,61.0,2.7,2.3,5.0,13.0,RP,129.1,258.9,159.5
389,Luke Raley,418.0,45.6,153.6,49.5,29.1,128.1,8.5,0.0,0.0,0.0,0.0,0.0,0.0,0.0,0.0,0.0,1B/OF,129.4,259.6,158.2
390,Kyle Hendricks,0.0,0.0,0.0,0.0,0.0,0.0,0.0,129.5,145.5,68.5,37.1,91.0,6.7,8.3,0.0,0.0,SP,130.1,259.9,156.7
391,Mauricio Dubon,316.0,34.7,111.7,31.5,14.7,42.8,3.7,0.0,0.0,0.0,0.0,0.0,0.0,0.0,0.0,0.0,1B/2B/ OF,132.4,258.6,153.5
392,Ian Anderson,0.0,0.0,0.0,0.0,0.0,0.0,0.0,97.2,98.0,46.6,37.6,83.1,6.1,4.8,0.0,2.0,SP,132.1,259.9,152.5
393,Bailey Falter,0.0,0.0,0.0,0.0,0.0,0.0,0.0,115.8,120.2,60.4,35.8,84.2,5.8,7.6,0.0,0.0,SP,133.0,260.0,151.2
394,Matt Waldron,0.0,0.0,0.0,0.0,0.0,0.0,0.0,92.6,92.3,45.8,26.6,78.4,5.5,4.9,0.0,2.0,SP,134.1,259.9,150.9
395,Trevor Williams,0.0,0.0,0.0,0.0,0.0,0.0,0.0,113.5,120.6,59.2,35.8,87.7,5.7,7.5,0.0,0.0,SP,135.1,259.9,149.8
396,Francisco Alvarez,306.0,37.1,115.0,39.1,28.3,71.6,1.8,0.0,0.0,0.0,0.0,0.0,0.0,0.0,0.0,0.0,C,165.8,230.2,149.7
397,Garrett Whitlock,0.0,0.0,0.0,0.0,0.0,0.0,0.0,56.7,50.5,21.8,13.6,57.7,3.1,2.5,0.0,14.0,RP,137.0,260.0,149.3
398,Nolan Gorman,378.0,43.4,138.6,46.5,34.1,120.2,5.5,0.0,0.0,0.0,0.0,0.0,0.0,0.0,0.0,0.0,2B,139.4,258.6,147.9
399,Albert Suarez,0.0,0.0,0.0,0.0,0.0,0.0,0.0,69.0,63.3,30.4,18.8,65.3,3.7,3.3,0.0,8.0,RP,139.0,260.0,146.2
400,Patrick Bailey,389.0,40.1,125.4,37.5,32.0,92.3,3.4,0.0,0.0,0.0,0.0,0.0,0.0,0.0,0.0,0.0,C,140.9,259.1,146.1
401,Giancarlo Stanton,292.0,37.5,122.3,45.0,26.8,87.2,0.7,0.0,0.0,0.0,0.0,0.0,0.0,0.0,0.0,0.0,DH,142.6,258.4,145.1
402,Hunter Goodman,311.0,37.8,126.1,41.5,18.4,81.5,2.5,0.0,0.0,0.0,0.0,0.0,0.0,0.0,0.0,0.0,C/OF,142.1,259.9,144.8
403,Justin Wilson,0.0,0.0,0.0,0.0,0.0,0.0,0.0,58.3,51.3,23.7,20.0,60.2,3.1,2.6,0.0,13.0,RP,143.0,260.0,143.4
404,AJ Smith-Shawver,0.0,0.0,0.0,0.0,0.0,0.0,0.0,70.5,60.1,33.0,27.8,75.2,4.1,3.5,0.0,3.0,SP,144.0,260.0,140.0
405,DJ LeMahieu,310.0,35.3,98.7,30.0,30.2,57.6,2.3,0.0,0.0,0.0,0.0,0.0,0.0,0.0,0.0,0.0,1B/3B,145.2,259.8,138.9
406,Connor Wong,371.0,40.8,128.1,38.7,22.0,98.1,6.9,0.0,0.0,0.0,0.0,0.0,0.0,0.0,0.0,0.0,C,148.6,257.4,138.4
407,Alek Thomas,267.0,32.6,100.0,30.6,17.7,49.2,6.0,0.0,0.0,0.0,0.0,0.0,0.0,0.0,0.0,0.0,OF,147.1,259.9,137.7
408,Tyler Rogers,0.0,0.0,0.0,0.0,0.0,0.0,0.0,58.3,60.4,26.2,13.9,41.4,2.8,2.9,0.0,23.0,RP,148.3,259.7,135.4
409,Lance McCullers Jr.,0.0,0.0,0.0,0.0,0.0,0.0,0.0,73.7,69.3,32.3,27.7,71.4,4.3,3.7,0.0,1.0,SP,149.1,259.9,134.1
410,Jose Ruiz,0.0,0.0,0.0,0.0,0.0,0.0,0.0,64.8,59.8,29.4,24.9,62.4,3.3,3.1,0.0,10.0,RP,150.0,260.0,133.7
411,Sean Murphy,287.0,34.4,101.8,34.2,28.2,65.6,0.7,0.0,0.0,0.0,0.0,0.0,0.0,0.0,0.0,0.0,C,152.8,258.2,133.7
412,Harrison Bader,284.0,30.6,101.2,30.3,15.6,58.1,12.3,0.0,0.0,0.0,0.0,0.0,0.0,0.0,0.0,0.0,OF,152.1,259.9,131.9
413,Matt Brash,0.0,0.0,0.0,0.0,0.0,0.0,0.0,36.8,28.3,12.9,14.8,47.5,2.0,1.6,3.0,13.0,RP,153.0,260.0,130.8
414,Andrew Painter,0.0,0.0,0.0,0.0,0.0,0.0,0.0,79.0,77.6,38.8,26.1,70.1,4.6,4.4,0.0,0.0,SP,154.2,259.8,126.2
415,Tyrone Taylor,280.0,31.8,101.0,31.7,16.4,65.0,6.3,0.0,0.0,0.0,0.0,0.0,0.0,0.0,0.0,0.0,OF,155.1,259.9,122.2
416,Jakob Junis,0.0,0.0,0.0,0.0,0.0,0.0,0.0,64.1,61.1,28.8,15.0,59.8,3.3,3.5,0.0,2.0,SP,156.1,259.9,122.0
417,Miguel Amaya,272.0,32.2,93.1,28.6,21.3,56.3,1.7,0.0,0.0,0.0,0.0,0.0,0.0,0.0,0.0,0.0,C,157.3,259.7,120.6
418,Bobby Miller,0.0,0.0,0.0,0.0,0.0,0.0,0.0,60.5,55.2,26.1,20.7,60.0,3.7,2.7,0.0,2.0,SP,158.2,259.8,119.4
419,Dylan Moore,320.0,34.1,94.7,28.9,34.9,93.2,18.4,0.0,0.0,0.0,0.0,0.0,0.0,0.0,0.0,0.0,2B/SS/ 3B/OF,163.2,255.8,117.8
420,Jose Caballero,282.0,29.4,85.6,25.5,23.4,70.3,23.5,0.0,0.0,0.0,0.0,0.0,0.0,0.0,0.0,0.0,2B/SS/ 3B,164.5,255.5,117.1
421,Roman Anthony,278.0,32.5,93.2,28.1,30.4,73.3,5.6,0.0,0.0,0.0,0.0,0.0,0.0,0.0,0.0,0.0,OF,162.1,258.9,116.5
422,Zack Thompson,0.0,0.0,0.0,0.0,0.0,0.0,0.0,51.5,46.0,21.0,21.1,52.5,2.7,2.4,0.0,8.0,RP,162.0,260.0,114.5
423,Curtis Mead,237.0,26.2,86.7,25.3,16.4,44.8,3.6,0.0,0.0,0.0,0.0,0.0,0.0,0.0,0.0,0.0,2B,163.0,260.0,113.4
424,Enrique Hernandez,238.0,27.3,85.5,27.1,17.4,45.5,1.3,0.0,0.0,0.0,0.0,0.0,0.0,0.0,0.0,0.0,3B/OF,164.9,259.1,113.1
425,Luke Jackson,0.0,0.0,0.0,0.0,0.0,0.0,0.0,48.6,43.4,20.7,20.7,51.0,2.5,2.3,0.0,10.0,RP,165.0,260.0,111.7
426,Sam Hilliard,275.0,31.8,99.6,31.7,25.3,85.1,7.4,0.0,0.0,0.0,0.0,0.0,0.0,0.0,0.0,0.0,OF,166.0,260.0,110.7
427,Joey Bart,323.0,32.6,108.1,34.7,25.0,91.3,1.1,0.0,0.0,0.0,0.0,0.0,0.0,0.0,0.0,0.0,C,167.4,259.6,110.2
428,Carson Kelly,253.0,28.3,82.9,26.0,22.5,52.2,1.4,0.0,0.0,0.0,0.0,0.0,0.0,0.0,0.0,0.0,C,168.1,259.9,108.9
429,Tommy Kahnle,0.0,0.0,0.0,0.0,0.0,0.0,0.0,36.5,31.1,15.1,15.3,36.7,1.8,1.8,3.0,12.0,RP,169.0,260.0,108.6
430,Dustin May,0.0,0.0,0.0,0.0,0.0,0.0,0.0,48.7,41.9,19.8,16.3,51.6,3.1,2.1,0.0,2.0,SP,170.6,259.4,105.9
431,Jose Siri,330.0,36.9,112.9,37.6,21.9,117.5,11.2,0.0,0.0,0.0,0.0,0.0,0.0,0.0,0.0,0.0,OF,171.3,259.7,103.0
432,Amed Rosario,235.0,23.3,83.2,22.3,10.3,44.0,7.1,0.0,0.0,0.0,0.0,0.0,0.0,0.0,0.0,0.0,2B/OF,172.1,259.9,102.2
433,Travis d’Arnaud,236.0,26.9,88.7,29.0,15.2,58.6,0.9,0.0,0.0,0.0,0.0,0.0,0.0,0.0,0.0,0.0,C,173.6,259.4,102.1
434,Kyle Higashioka,241.0,28.9,89.6,30.3,14.1,63.9,2.0,0.0,0.0,0.0,0.0,0.0,0.0,0.0,0.0,0.0,C,174.3,259.7,101.0
435,Jarred Kelenic,234.0,27.7,84.4,27.0,19.9,64.3,5.4,0.0,0.0,0.0,0.0,0.0,0.0,0.0,0.0,0.0,OF,175.1,259.9,100.1
436,Spencer Torkelson,247.0,26.7,85.2,27.7,25.4,65.9,0.7,0.0,0.0,0.0,0.0,0.0,0.0,0.0,0.0,0.0,1B,176.4,259.6,99.8
437,Elias Diaz,279.0,28.3,89.8,27.4,18.2,66.2,1.1,0.0,0.0,0.0,0.0,0.0,0.0,0.0,0.0,0.0,C,177.1,259.9,98.6
438,Alex Call,217.0,24.5,66.5,20.3,25.8,44.9,5.6,0.0,0.0,0.0,0.0,0.0,0.0,0.0,0.0,0.0,OF,178.0,260.0,97.8
439,Jake Rogers,282.0,29.5,94.3,30.1,20.9,82.0,2.2,0.0,0.0,0.0,0.0,0.0,0.0,0.0,0.0,0.0,C,179.3,259.7,95.0
440,Jake Diekman,0.0,0.0,0.0,0.0,0.0,0.0,0.0,36.5,29.3,15.9,20.1,41.9,1.9,1.6,0.0,12.0,RP,180.0,260.0,94.8
441,Victor Caratini,200.0,22.9,68.1,21.5,16.8,40.7,1.1,0.0,0.0,0.0,0.0,0.0,0.0,0.0,0.0,0.0,C,181.0,260.0,89.7
442,Kyle Farmer,202.0,22.5,70.9,21.0,12.2,40.6,3.3,0.0,0.0,0.0,0.0,0.0,0.0,0.0,0.0,0.0,2B/3B,182.1,259.9,89.3
443,Addison Barger,206.0,23.3,73.0,22.9,18.4,50.8,2.0,0.0,0.0,0.0,0.0,0.0,0.0,0.0,0.0,0.0,3B/OF,183.0,260.0,88.8
444,Paul Blackburn,0.0,0.0,0.0,0.0,0.0,0.0,0.0,51.3,52.1,24.0,14.7,44.1,3.2,2.5,0.0,2.0,SP,184.0,260.0,88.6
445,Tyler Matzek,0.0,0.0,0.0,0.0,0.0,0.0,0.0,40.5,36.9,18.9,18.7,40.0,2.0,2.0,0.0,10.0,RP,185.0,260.0,88.1
446,Noah Schultz,0.0,0.0,0.0,0.0,0.0,0.0,0.0,53.0,52.1,23.6,18.5,46.6,2.5,3.4,0.0,0.0,SP,186.1,259.9,86.0
447,Korey Lee,263.0,26.7,88.5,26.4,13.6,78.1,4.8,0.0,0.0,0.0,0.0,0.0,0.0,0.0,0.0,0.0,C,187.1,259.9,81.9
448,Clayton Kershaw,0.0,0.0,0.0,0.0,0.0,0.0,0.0,43.0,41.6,18.1,11.7,40.0,2.8,1.9,0.0,0.0,SP,188.8,259.2,81.3
449,Gary Sanchez,204.0,23.0,68.8,23.9,18.4,54.5,0.7,0.0,0.0,0.0,0.0,0.0,0.0,0.0,0.0,0.0,C,189.2,259.8,80.3
450,Miguel Rojas,148.0,16.8,51.5,15.3,8.8,17.7,2.9,0.0,0.0,0.0,0.0,0.0,0.0,0.0,0.0,0.0,SS,190.1,259.9,77.6
451,Santiago Espinal,143.0,16.5,50.6,14.5,9.9,20.9,2.9,0.0,0.0,0.0,0.0,0.0,0.0,0.0,0.0,0.0,2B/3B,191.1,259.9,73.5
452,Matt Manning,0.0,0.0,0.0,0.0,0.0,0.0,0.0,43.4,41.4,20.6,13.5,35.6,2.3,2.4,0.0,2.0,SP,192.0,260.0,73.5
453,Emerson Hancock,0.0,0.0,0.0,0.0,0.0,0.0,0.0,54.3,56.8,29.5,16.9,40.2,2.7,3.3,0.0,2.0,SP,193.1,259.9,73.2
454,Will Benson,177.0,21.6,58.0,18.5,22.2,58.8,8.2,0.0,0.0,0.0,0.0,0.0,0.0,0.0,0.0,0.0,OF,194.0,260.0,69.7
455,Rob Refsnyder,155.0,18.8,54.0,16.2,15.5,39.0,2.0,0.0,0.0,0.0,0.0,0.0,0.0,0.0,0.0,0.0,OF,195.1,259.9,67.5
456,Tommy Henry,0.0,0.0,0.0,0.0,0.0,0.0,0.0,32.4,30.9,14.0,10.8,29.7,1.7,1.5,0.0,3.0,RP,196.0,260.0,63.6
457,Bryan De La Cruz,159.0,17.4,57.8,18.5,9.3,41.1,1.4,0.0,0.0,0.0,0.0,0.0,0.0,0.0,0.0,0.0,OF,197.4,259.6,63.3
458,Zach McKinstry,154.0,16.0,48.3,13.5,12.6,32.8,5.0,0.0,0.0,0.0,0.0,0.0,0.0,0.0,0.0,0.0,SS/3B/ OF,198.0,260.0,62.6
459,Ezequiel Duran,148.0,16.3,53.4,16.1,7.8,34.5,2.5,0.0,0.0,0.0,0.0,0.0,0.0,0.0,0.0,0.0,3B/OF,199.0,260.0,61.6
460,Michael Siani,173.0,18.3,48.2,14.2,16.0,42.8,7.5,0.0,0.0,0.0,0.0,0.0,0.0,0.0,0.0,0.0,OF,200.0,260.0,61.4
461,Enyel De Los Santos,0.0,0.0,0.0,0.0,0.0,0.0,0.0,25.5,22.6,11.5,9.6,26.3,1.3,1.2,0.0,6.0,RP,201.0,260.0,59.8
462,Tyler Heineman,168.0,17.1,44.8,13.6,15.9,36.7,2.7,0.0,0.0,0.0,0.0,0.0,0.0,0.0,0.0,0.0,C,202.0,260.0,57.4
463,Kyle Nelson,0.0,0.0,0.0,0.0,0.0,0.0,0.0,24.3,23.1,11.0,9.1,22.4,1.2,1.1,0.0,7.0,RP,203.1,259.9,55.3
464,Brett Baty,129.0,14.9,44.5,14.3,11.6,31.7,0.6,0.0,0.0,0.0,0.0,0.0,0.0,0.0,0.0,0.0,3B,204.1,259.9,54.2
465,Jorge Mateo,126.0,13.4,41.9,12.8,6.8,31.0,8.4,0.0,0.0,0.0,0.0,0.0,0.0,0.0,0.0,0.0,2B,205.1,259.9,52.3
466,David Hamilton,110.0,12.2,35.1,10.6,10.0,27.3,8.4,0.0,0.0,0.0,0.0,0.0,0.0,0.0,0.0,0.0,2B/SS,206.0,260.0,49.0
467,Esteury Ruiz,101.0,11.6,33.2,10.0,6.6,22.8,9.6,0.0,0.0,0.0,0.0,0.0,0.0,0.0,0.0,0.0,OF,207.1,259.9,48.2
468,Jacob Misiorowski,0.0,0.0,0.0,0.0,0.0,0.0,0.0,26.3,25.1,12.3,12.7,27.7,1.3,1.4,0.0,2.0,RP,208.0,260.0,48.0
469,Edmundo Sosa,113.0,12.1,40.1,11.9,4.8,27.7,2.1,0.0,0.0,0.0,0.0,0.0,0.0,0.0,0.0,0.0,2B/SS/ 3B,209.2,259.8,43.3
470,Brett de Geus,0.0,0.0,0.0,0.0,0.0,0.0,0.0,29.2,30.7,14.3,11.4,20.8,1.3,1.6,0.0,3.0,RP,210.0,260.0,43.1
471,Henry Davis,104.0,11.1,32.6,10.0,10.0,27.7,1.6,0.0,0.0,0.0,0.0,0.0,0.0,0.0,0.0,0.0,C,211.1,259.9,37.6
472,Ryan Borucki,0.0,0.0,0.0,0.0,0.0,0.0,0.0,14.6,13.2,6.2,5.5,13.6,0.7,0.7,0.0,5.0,RP,212.0,260.0,36.3
473,Ronny Mauricio,74.0,8.3,27.5,8.6,4.2,15.1,2.0,0.0,0.0,0.0,0.0,0.0,0.0,0.0,0.0,0.0,2B,213.1,259.9,35.5
474,Romy Gonzalez,83.0,9.4,30.9,9.4,4.8,23.4,3.2,0.0,0.0,0.0,0.0,0.0,0.0,0.0,0.0,0.0,1B/2B/ SS,214.1,259.9,34.3
475,Thaddeus Ward,0.0,0.0,0.0,0.0,0.0,0.0,0.0,20.4,20.0,10.2,10.2,16.9,1.0,1.0,0.0,2.0,RP,215.0,260.0,31.5
476,Chandler Simpson,45.0,4.7,14.7,3.9,3.3,5.6,4.4,0.0,0.0,0.0,0.0,0.0,0.0,0.0,0.0,0.0,OF,216.2,259.8,25.4
477,Shinnosuke Ogasawara,0.0,0.0,0.0,0.0,0.0,0.0,0.0,18.0,20.2,8.6,4.6,13.4,2.1,2.3,0.0,0.0,SP,217.0,260.0,25.0
478,Yuli Gurriel,55.0,5.8,18.4,5.5,4.3,10.4,0.7,0.0,0.0,0.0,0.0,0.0,0.0,0.0,0.0,0.0,1B,218.0,260.0,24.3
479,Tomas Nido,65.0,6.5,20.8,6.0,2.9,15.8,0.5,0.0,0.0,0.0,0.0,0.0,0.0,0.0,0.0,0.0,C,219.0,260.0,20.9
480,Vaughn Grissom,44.0,4.9,14.9,4.4,3.9,8.3,0.9,0.0,0.0,0.0,0.0,0.0,0.0,0.0,0.0,0.0,2B,220.1,259.9,20.7
481,Darick Hall,53.0,5.7,17.9,5.5,4.4,13.4,0.2,0.0,0.0,0.0,0.0,0.0,0.0,0.0,0.0,0.0,1B,221.0,260.0,20.3
482,James Outman,47.0,5.5,15.7,5.3,4.9,14.8,0.9,0.0,0.0,0.0,0.0,0.0,0.0,0.0,0.0,0.0,OF,222.1,259.9,17.5
483,Reese McGuire,54.0,5.0,15.6,4.4,3.5,13.8,0.6,0.0,0.0,0.0,0.0,0.0,0.0,0.0,0.0,0.0,C,223.1,259.9,15.3
484,Austin Wynns,42.0,4.6,13.7,4.2,3.1,11.2,0.4,0.0,0.0,0.0,0.0,0.0,0.0,0.0,0.0,0.0,C,224.0,260.0,14.8
485,Pablo Reyes,30.0,3.3,9.9,3.0,2.5,6.0,0.8,0.0,0.0,0.0,0.0,0.0,0.0,0.0,0.0,0.0,2B/SS/ 3B,225.0,260.0,13.5
486,Martin Maldonado,67.0,6.5,18.1,6.1,4.5,23.1,0.5,0.0,0.0,0.0,0.0,0.0,0.0,0.0,0.0,0.0,C,226.1,259.9,12.6
487,Omar Narvaez,34.0,3.3,9.9,2.9,2.9,7.2,0.2,0.0,0.0,0.0,0.0,0.0,0.0,0.0,0.0,0.0,C,227.0,260.0,12.0
488,Jahmai Jones,31.0,3.2,9.4,2.8,3.2,8.3,0.8,0.0,0.0,0.0,0.0,0.0,0.0,0.0,0.0,0.0,2B,228.0,260.0,11.1
489,Bryce Eldridge,31.0,3.3,10.4,3.2,2.5,8.7,0.2,0.0,0.0,0.0,0.0,0.0,0.0,0.0,0.0,0.0,OF,229.0,260.0,10.9
490,Trayce Thompson,30.0,3.4,10.0,3.3,2.8,10.2,0.4,0.0,0.0,0.0,0.0,0.0,0.0,0.0,0.0,0.0,OF,230.1,259.9,9.7
491,Nick Ahmed,29.0,2.8,8.6,2.6,1.6,6.9,0.4,0.0,0.0,0.0,0.0,0.0,0.0,0.0,0.0,0.0,SS,231.1,259.9,9.1
492,Anthony Rendon,16.0,1.7,5.0,1.6,1.6,2.9,0.3,0.0,0.0,0.0,0.0,0.0,0.0,0.0,0.0,0.0,3B,232.1,259.9,7.3
493,Jose Barrero,30.0,3.0,8.8,2.7,1.9,10.1,0.8,0.0,0.0,0.0,0.0,0.0,0.0,0.0,0.0,0.0,SS,233.0,260.0,7.1
494,Jacob Amaya,17.0,1.6,4.9,1.4,1.5,4.2,0.2,0.0,0.0,0.0,0.0,0.0,0.0,0.0,0.0,0.0,SS,234.1,259.9,5.4
495,Cooper Hummel,13.0,1.4,3.6,1.1,1.6,3.7,0.3,0.0,0.0,0.0,0.0,0.0,0.0,0.0,0.0,0.0,OF,235.1,259.9,4.3
496,Zack Short,13.0,1.4,3.4,1.1,1.6,3.8,0.2,0.0,0.0,0.0,0.0,0.0,0.0,0.0,0.0,0.0,2B/SS/ 3B,236.0,260.0,3.9
