Rank,ADP,Name,POS,AB,Z_R,Z_HR,Z_RBI,Z_SB,Z_BB,Z_AVG,Z_SLG,IP,Z_K,Z_QS,Z_W,Z_SV,Z_HLD,Z_ERA,Z_WHIP,$
1,1.4,Shohei Ohtani,DH,564.0,2.699,3.264,2.123,2.061,2.628,1.506,3.715,,,,,,,,,22.11
2,2.3,Aaron Judge,OF,510.0,2.245,3.026,2.086,0.207,3.447,1.807,3.715,,,,,,,,,20.31
3,4.6,Juan Soto,OF,519.0,2.099,2.3,1.761,1.733,3.905,1.256,2.6,,,,,,,,,19.23
4,6.2,Bobby Witt Jr.,SS,591.0,1.837,1.66,1.626,3.209,0.704,2.408,2.381,,,,,,,,,16.98
5,10.1,Ronald Acuna Jr.,OF,520.0,1.915,1.552,1.162,2.137,2.183,2.007,1.9,,,,,,,,,15.79
6,16.7,Vladimir Guerrero Jr.,1B,547.0,1.727,1.931,1.9,-0.285,1.799,2.508,2.578,,,,,,,,,14.94
7,6.6,Jose Ramirez,3B,556.0,1.329,1.574,1.655,3.007,1.188,1.456,1.944,,,,,,,,,14.93
8,33.6,Elly De La Cruz,SS,561.0,1.29,1.194,1.48,4.117,1.398,0.906,1.441,,,,,,,,,14.53
9,12.1,Kyle Tucker,OF,510.0,1.595,1.66,1.564,1.619,2.126,1.156,2.009,,,,,,,,,14.41
10,24.3,Gunnar Henderson,SS,567.0,1.826,1.498,1.491,1.998,1.568,1.406,1.834,,,,,,,,,14.28
11,14.8,Fernando Tatis Jr.,OF,531.0,1.762,1.726,1.191,1.973,1.48,1.406,1.965,,,,,,,,,14.13
12,35.5,Yordan Alvarez,DH,455.0,1.318,1.704,1.418,-0.399,1.546,2.658,2.972,,,,,,,,,13.78
13,59.4,Nick Kurtz,1B,530.0,1.769,2.658,1.907,-0.298,1.851,0.555,2.556,,,,,,,,,13.51
14,23.6,Julio Rodriguez,OF,577.0,1.411,1.812,1.662,2.061,0.599,1.406,1.769,,,,,,,,,13.17
15,17.2,Corbin Carroll,OF,508.0,1.297,1.26,1.235,3.019,1.319,0.655,1.703,,,,,,,,,12.89
16,39.3,Mason Miller,RP,,,,,,,,,64.8,2.289,0.0,1.324,2.22,-1.178,-0.706,-0.727,12.44
17,21.5,Kyle Schwarber,DH,530.0,1.83,2.842,1.688,-0.071,2.75,-0.746,1.834,,,,,,,,,12.44
18,6.3,Tarik Skubal,SP,,,,,,,,,175.6,1.841,1.558,1.259,0.0,0.0,-0.688,-0.712,12.38
19,19.2,Junior Caminero,3B,568.0,1.35,2.614,2.024,-0.146,0.416,1.106,2.337,,,,,,,,,11.92
20,72.5,Bryce Harper,1B,513.0,1.361,1.444,1.399,0.295,1.856,1.406,1.747,,,,,,,,,11.68
21,91.7,James Wood,OF,547.0,1.521,1.53,1.195,1.254,1.947,0.605,1.375,,,,,,,,,11.58
22,5.1,Paul Skenes,SP,,,,,,,,,172.5,1.7,1.463,1.066,0.0,0.0,-0.652,-0.611,11.22
23,15.9,Ketel Marte,2B,550.0,1.677,1.411,1.224,-0.108,1.607,1.657,1.55,,,,,,,,,11.08
24,41.5,Jackson Chourio,OF,583.0,1.439,1.314,1.125,2.074,0.312,1.206,1.266,,,,,,,,,10.73
25,97.7,Wyatt Langford,OF,524.0,1.368,1.162,1.049,1.72,1.773,0.455,0.894,,,,,,,,,10.35
26,78.2,Trea Turner,SS,579.0,1.467,0.577,0.855,2.578,0.36,1.757,0.763,,,,,,,,,10.27
27,79.8,Freddie Freeman,1B,531.0,1.34,0.989,1.491,-0.033,1.358,1.707,1.506,,,,,,,,,10.27
28,45.8,Edwin Diaz,RP,,,,,,,,,64.8,1.604,0.0,1.324,2.22,-1.178,-0.422,-0.511,10.02
29,41.6,Mookie Betts,SS,521.0,1.432,0.989,1.323,0.131,1.363,1.406,1.506,,,,,,,,,10.01
30,13.1,Cal Raleigh,C,512.0,1.396,2.408,1.465,0.093,1.812,-0.796,1.747,,,,,,,,,9.98
31,45.9,Brent Rooker,OF,548.0,1.364,1.834,1.768,-0.197,1.127,0.505,1.637,,,,,,,,,9.88
32,58.7,Matt Olson,1B,547.0,1.503,1.769,1.571,-0.764,1.873,0.555,1.462,,,,,,,,,9.79
33,9.8,Garrett Crochet,SP,,,,,,,,,163.5,1.548,1.226,0.834,0.0,0.0,-0.557,-0.56,9.65
34,110.5,Corey Seager,SS,467.0,1.095,1.411,1.224,-0.55,1.114,1.506,2.053,,,,,,,,,9.65
35,28.0,Francisco Lindor,SS,529.0,1.471,1.14,0.906,1.771,0.896,0.655,0.938,,,,,,,,,9.55
36,53.1,Pete Crow-Armstrong,OF,560.0,0.885,1.194,1.345,3.247,0.037,0.305,0.697,,,,,,,,,9.47
37,55.3,Pete Alonso,1B,542.0,1.34,2.127,1.867,-0.563,1.105,0.255,1.55,,,,,,,,,9.44
38,167.1,Zach Neto,SS,527.0,1.222,1.325,0.91,2.427,0.342,0.305,1.025,,,,,,,,,9.28
39,54.1,Jazz Chisholm Jr.,2B/3B,504.0,0.921,1.433,1.206,2.679,0.892,-0.346,0.763,,,,,,,,,9.27
40,89.4,Jazz Chisholm Jr.,2B/3B,504.0,0.921,1.433,1.206,2.679,0.892,-0.346,0.763,,,,,,,,,9.27
41,26.4,Manny Machado,3B,567.0,1.183,1.487,1.615,0.245,0.774,1.056,1.178,,,,,,,,,9.26
42,100.5,Maikel Garcia,3B,559.0,1.102,0.078,0.844,2.452,0.883,1.607,0.26,,,,,,,,,8.88
43,90.7,Vinnie Pasquantino,1B,556.0,1.251,1.552,1.681,-0.689,0.961,1.056,1.375,,,,,,,,,8.83
44,24.7,Logan Webb,SP,,,,,,,,,184.8,0.888,1.416,1.491,0.0,0.0,-0.405,-0.105,8.79
45,76.7,George Springer,OF,518.0,1.318,1.227,1.016,0.699,1.158,0.655,0.981,,,,,,,,,8.67
46,22.9,Cristopher Sanchez,SP,,,,,,,,,175.6,0.803,1.344,1.375,0.0,0.0,-0.457,-0.232,8.6
47,159.6,CJ Abrams,SS,560.0,1.233,0.728,0.756,2.969,0.298,0.405,0.5,,,,,,,,,8.46
48,122.2,Byron Buxton,OF,491.0,1.169,1.574,0.954,1.128,0.434,0.005,1.594,,,,,,,,,8.43
49,196.5,Griffin Jax,RP,,,,,,,,,64.8,1.284,0.0,0.855,0.486,0.761,-0.387,-0.322,8.37
50,44.7,Framber Valdez,SP,,,,,,,,,184.8,0.863,1.368,1.452,0.0,0.0,-0.336,-0.08,8.37
51,204.4,Bryan Abreu,RP,,,,,,,,,64.8,1.422,0.0,0.972,-0.381,1.609,-0.26,-0.187,8.31
52,109.1,Eugenio Suarez,3B,546.0,1.162,2.332,1.838,-0.499,0.831,-0.496,1.572,,,,,,,,,8.28
53,87.8,Rafael Devers,1B,544.0,1.45,1.628,1.195,-0.613,2.017,0.005,1.003,,,,,,,,,8.21
54,248.6,Jeremiah Estrada,RP,,,,,,,,,64.8,1.437,0.0,0.855,-0.67,1.852,-0.275,-0.214,8.1
55,62.1,Cade Smith,RP,,,,,,,,,64.8,1.279,0.0,0.855,2.22,-1.178,-0.376,-0.403,8.08
56,97.8,Josh Naylor,1B,513.0,0.8,0.956,1.257,0.989,0.639,0.856,1.047,,,,,,,,,8.04
57,27.7,Bryan Woo,SP,,,,,,,,,175.6,1.059,0.942,1.375,0.0,0.0,-0.168,-0.383,8.02
58,59.0,Roman Anthony,OF,514.0,1.23,0.544,0.844,0.358,1.991,0.856,0.61,,,,,,,,,7.9
59,32.4,Hunter Brown,SP,,,,,,,,,172.5,1.297,1.036,1.143,0.0,0.0,-0.226,-0.156,7.88
60,48.8,Cody Bellinger,OF,525.0,1.073,1.119,1.352,0.333,0.66,0.806,1.069,,,,,,,,,7.88
61,61.6,Andres Munoz,RP,,,,,,,,,64.8,1.333,0.0,0.855,2.22,-1.178,-0.366,-0.241,7.84
62,172.4,Yandy Diaz,1B,532.0,1.265,0.739,0.833,-0.512,1.097,1.957,0.981,,,,,,,,,7.81
63,52.0,Jesus Luzardo,SP,,,,,,,,,172.5,1.232,1.06,1.143,0.0,0.0,-0.231,-0.156,7.81
64,69.4,Geraldo Perdomo,SS,517.0,1.283,0.013,0.482,1.619,1.76,1.256,-0.068,,,,,,,,,7.8
65,72.6,Jackson Merrill,OF,558.0,1.215,1.054,1.231,-0.008,0.351,1.156,1.288,,,,,,,,,7.72
66,104.1,Devin Williams,RP,,,,,,,,,64.8,1.289,0.0,0.972,2.22,-1.178,-0.331,-0.133,7.7
67,125.5,Tyler Soderstrom,1B/OF,501.0,0.999,1.357,1.374,-0.159,0.687,0.555,1.288,,,,,,,,,7.5
68,60.2,Jose Altuve,2B/OF,546.0,1.169,0.848,1.034,0.724,0.778,1.006,0.522,,,,,,,,,7.47
69,256.5,Alex Vesia,RP,,,,,,,,,64.8,1.146,0.0,0.972,-0.67,1.852,-0.107,-0.241,7.45
70,259.3,Matt Brash,RP,,,,,,,,,64.8,1.107,0.0,0.855,-0.67,1.973,-0.29,-0.079,7.42
71,54.9,Jarren Duran,OF,542.0,1.226,0.295,0.723,1.846,0.674,0.655,0.61,,,,,,,,,7.41
72,155.5,Michael Harris II,OF,494.0,0.725,0.793,0.965,1.203,-0.426,1.506,1.222,,,,,,,,,7.36
73,80.2,Steven Kwan,OF,572.0,1.407,-0.106,0.46,1.43,1.227,1.607,-0.047,,,,,,,,,7.34
74,14.9,Yoshinobu Yamamoto,SP,,,,,,,,,160.6,0.81,0.894,1.259,0.0,0.0,-0.368,-0.257,7.33
75,105.1,Seiya Suzuki,OF,517.0,1.034,1.119,1.198,-0.008,1.271,0.405,0.916,,,,,,,,,7.29
76,59.2,George Kirby,SP,,,,,,,,,172.5,0.879,0.918,1.259,0.0,0.0,-0.215,-0.282,7.26
77,157.9,Oneil Cruz,OF,455.0,0.651,0.869,0.672,2.54,0.97,-0.396,0.588,,,,,,,,,7.24
78,162.8,Jacob Wilson,SS,540.0,1.084,0.132,0.979,-0.134,0.085,2.758,0.959,,,,,,,,,7.2
79,36.2,William Contreras,C,494.0,0.91,0.663,0.899,-0.134,1.498,1.206,0.741,,,,,,,,,7.1
80,23.3,Logan Gilbert,SP,,,,,,,,,160.6,1.043,0.728,0.95,0.0,0.0,-0.278,-0.459,7.06
81,121.7,Riley Greene,OF,542.0,0.963,1.335,1.399,-0.462,0.948,0.706,0.85,,,,,,,,,7.05
82,39.4,Freddy Peralta,SP,,,,,,,,,169.4,1.227,0.776,1.182,0.0,0.0,-0.131,-0.131,7.04
83,116.1,Bo Bichette,SS,550.0,1.073,0.544,1.107,-0.197,0.264,2.057,0.785,,,,,,,,,6.92
84,217.2,Robert Suarez,RP,,,,,,,,,64.8,0.708,0.0,0.855,0.294,1.124,-0.113,-0.268,6.87
85,74.3,Brice Turang,2B,555.0,1.031,0.143,0.511,2.477,1.092,0.756,-0.418,,,,,,,,,6.87
86,38.0,Chris Sale,SP,,,,,,,,,148.5,1.101,0.681,0.68,0.0,0.0,-0.452,-0.434,6.84
87,31.3,Max Fried,SP,,,,,,,,,166.4,0.561,1.013,1.22,0.0,0.0,-0.363,-0.156,6.77
88,74.2,Austin Riley,3B,530.0,0.999,1.314,1.396,-0.575,0.547,0.756,1.047,,,,,,,,,6.74
89,155.7,Teoscar Hernandez,OF,497.0,0.85,1.325,1.312,-0.172,0.146,0.605,1.419,,,,,,,,,6.74
90,105.2,Luis Castillo,SP,,,,,,,,,178.6,0.893,0.847,1.452,0.0,0.0,-0.021,-0.055,6.68
91,101.1,Christian Yelich,DH,489.0,0.676,0.62,0.888,1.001,1.267,0.706,0.238,,,,,,,,,6.63
92,258.9,Tanner Scott,RP,,,,,,,,,64.8,0.929,0.0,1.089,-0.188,1.124,-0.219,-0.052,6.59
93,68.8,Jhoan Duran,RP,,,,,,,,,58.3,0.619,0.0,0.738,2.22,-1.178,-0.483,-0.322,6.55
94,123.9,Brandon Nimmo,OF,517.0,1.112,0.837,0.891,0.257,1.07,0.555,0.588,,,,,,,,,6.52
95,164.2,Jeremy Pena,SS,534.0,1.088,0.49,0.738,1.065,0.072,1.356,0.478,,,,,,,,,6.5
96,251.0,Garrett Whitlock,RP,,,,,,,,,64.8,0.713,0.0,0.855,-0.67,1.852,-0.138,-0.268,6.45
97,49.0,Jacob deGrom,SP,,,,,,,,,154.0,1.05,0.657,0.603,0.0,0.0,-0.289,-0.56,6.45
98,170.6,Trevor Megill,RP,,,,,,,,,64.8,1.181,0.0,0.738,0.775,0.034,-0.143,-0.268,6.41
99,159.2,Andy Pages,OF,495.0,0.85,1.064,1.162,0.358,-0.029,0.555,1.178,,,,,,,,,6.31
100,189.9,Jo Adell,OF,490.0,0.743,1.823,1.323,0.182,0.198,-0.446,1.288,,,,,,,,,6.28
101,36.1,Alex Bregman,3B,528.0,1.141,0.891,1.045,-0.55,1.337,0.655,0.544,,,,,,,,,6.22
102,256.4,Will Vest,RP,,,,,,,,,64.8,0.481,0.0,0.738,-0.188,1.609,-0.27,-0.133,6.22
103,50.6,Joe Ryan,SP,,,,,,,,,163.5,1.041,0.705,0.719,0.0,0.0,-0.142,-0.434,6.21
104,85.1,Shea Langeliers,C,443.0,0.796,1.4,1.078,-0.247,0.172,0.155,1.637,,,,,,,,,6.13
105,257.1,Ivan Herrera,DH,462.0,0.814,0.49,0.61,0.106,1.027,1.256,0.675,,,,,,,,,6.12
106,93.7,Spencer Strider,SP,,,,,,,,,160.6,1.237,0.61,0.873,0.0,0.0,-0.1,-0.156,6.08
107,224.5,Abner Uribe,RP,,,,,,,,,64.8,1.077,0.0,0.855,0.775,0.034,-0.28,0.056,6.06
108,52.9,Cole Ragans,SP,,,,,,,,,148.5,1.112,0.728,0.371,0.0,0.0,-0.431,-0.308,6.03
109,62.5,Ben Rice,C/1B,438.0,0.86,1.26,0.95,-0.373,0.796,-0.045,1.441,,,,,,,,,6.01
110,192.1,Michael Busch,1B,487.0,1.116,1.227,0.87,-0.436,1.101,0.055,0.938,,,,,,,,,5.98
111,75.8,Kevin Gausman,SP,,,,,,,,,172.5,0.886,0.776,1.143,0.0,0.0,-0.005,-0.105,5.95
112,236.9,Lawrence Butler,OF,483.0,0.882,0.837,0.738,1.355,0.626,-0.095,0.456,,,,,,,,,5.9
113,67.6,Dylan Cease,SP,,,,,,,,,154.8,1.193,0.633,0.641,0.0,0.0,-0.252,-0.131,5.82
114,165.9,Alec Burleson,1B/OF,488.0,0.672,0.685,0.932,-0.184,0.216,1.456,0.916,,,,,,,,,5.77
115,242.8,Sal Stewart,1B,421.0,0.448,0.468,0.621,0.018,0.303,1.406,1.331,,,,,,,,,5.65
116,147.7,Luke Keaschall,2B,468.0,0.647,-0.193,0.391,1.922,0.87,1.056,-0.112,,,,,,,,,5.63
117,114.1,Randy Arozarena,OF,513.0,0.828,0.75,0.859,1.657,1.18,-0.646,-0.047,,,,,,,,,5.63
118,137.9,Ian Happ,OF,517.0,1.027,0.761,0.877,0.043,1.825,-0.145,0.107,,,,,,,,,5.52
119,69.4,Nick Pivetta,SP,,,,,,,,,163.5,1.071,0.562,0.757,0.0,0.0,-0.047,-0.257,5.5
120,183.9,Ryan Helsley,RP,,,,,,,,,64.8,0.979,0.0,0.855,1.739,-1.178,-0.184,-0.106,5.49
121,115.8,Drake Baldwin,C,476.0,0.811,0.728,0.921,-0.726,0.743,1.156,0.828,,,,,,,,,5.48
122,136.1,Gleyber Torres,2B,552.0,1.23,0.479,0.716,-0.272,1.681,0.655,-0.068,,,,,,,,,5.43
123,257.5,Luke Weaver,RP,,,,,,,,,64.8,0.624,0.0,0.738,-0.381,1.367,-0.026,-0.268,5.4
124,249.3,Marcell Ozuna,DH,501.0,0.857,1.162,1.085,-0.802,1.642,-0.045,0.478,,,,,,,,,5.38
125,156.0,Willy Adames,SS,546.0,0.995,1.097,1.045,0.472,1.537,-0.696,-0.068,,,,,,,,,5.38
126,146.0,Hunter Goodman,C,459.0,0.64,1.325,1.103,-0.55,-0.138,0.455,1.506,,,,,,,,,5.33
127,158.0,Michael King,SP,,,,,,,,,166.3,0.902,0.728,0.757,0.0,0.0,-0.142,-0.055,5.28
128,209.0,Daniel Palencia,RP,,,,,,,,,64.8,0.801,0.0,0.738,1.739,-0.815,-0.072,0.002,5.17
129,124.8,Raisel Iglesias,RP,,,,,,,,,64.8,0.668,0.0,0.738,1.257,-0.451,-0.011,-0.295,5.14
130,140.0,Taylor Ward,OF,505.0,1.002,1.086,1.012,-0.323,1.158,-0.196,0.413,,,,,,,,,5.1
131,180.1,Shota Imanaga,SP,,,,,,,,,172.5,0.55,0.681,1.027,0.0,0.0,0.048,-0.282,5.09
132,219.4,Trevor Story,SS,535.0,0.747,0.728,0.873,1.645,0.076,0.055,-0.025,,,,,,,,,5.04
133,257.7,Hunter Gaddis,RP,,,,,,,,,64.8,0.324,0.0,0.387,-0.67,2.579,0.212,-0.052,5.03
134,185.9,Jakob Marsee,OF,473.0,0.651,-0.052,0.186,3.385,1.371,-0.646,-0.878,,,,,,,,,4.94
135,85.7,Will Smith,C,414.0,0.615,0.588,0.804,-0.525,0.975,0.555,0.981,,,,,,,,,4.91
136,194.7,Mike Trout,OF,447.0,0.889,1.26,0.734,-0.474,1.585,-0.746,0.741,,,,,,,,,4.9
137,205.3,Xavier Edwards,2B/SS,477.0,0.598,-0.854,0.007,2.2,0.626,2.057,-0.681,,,,,,,,,4.86
138,251.4,Royce Lewis,3B,463.0,0.53,0.924,0.848,0.371,0.268,0.205,0.763,,,,,,,,,4.8
139,136.7,Agustin Ramirez,C,481.0,0.583,0.783,0.804,0.711,0.285,0.155,0.566,,,,,,,,,4.78
140,258.4,Camilo Doval,RP,,,,,,,,,64.8,0.895,0.0,0.855,-0.188,0.761,-0.128,0.137,4.73
141,101.7,David Bednar,RP,,,,,,,,,53.9,0.452,0.0,0.27,2.22,-1.178,-0.229,-0.322,4.73
142,259.9,Lucas Erceg,RP,,,,,,,,,64.8,0.447,0.0,0.855,-0.67,1.609,-0.072,0.002,4.72
143,247.1,Ryan Walker,RP,,,,,,,,,64.8,0.639,0.0,0.738,1.257,-0.815,-0.244,-0.241,4.71
144,158.8,MacKenzie Gore,SP,,,,,,,,,160.2,1.108,0.657,0.448,0.0,0.0,-0.115,0.021,4.71
145,183.9,Bryan Reynolds,OF,534.0,0.992,0.674,0.833,-0.235,0.818,0.405,0.303,,,,,,,,,4.66
146,55.0,Nico Hoerner,2B,477.0,0.551,-0.583,0.288,1.783,0.063,1.957,-0.331,,,,,,,,,4.58
147,242.7,Willson Contreras,1B,461.0,0.729,0.891,0.917,-0.373,0.774,0.105,0.631,,,,,,,,,4.51
148,260.0,Blake Treinen,RP,,,,,,,,,64.8,0.737,0.0,0.855,-0.67,1.246,-0.031,0.002,4.49
149,246.0,Carlos Correa,SS/3B,490.0,0.757,0.501,0.84,-0.815,0.739,1.106,0.522,,,,,,,,,4.48
150,174.6,Jeff Hoffman,RP,,,,,,,,,58.3,0.772,0.0,0.387,1.739,-1.178,-0.168,-0.295,4.46
151,190.9,Luis Arraez,1B,550.0,0.977,-0.67,0.278,0.308,-0.094,2.908,-0.09,,,,,,,,,4.44
152,134.4,Matt Chapman,3B,494.0,0.683,0.837,0.954,0.144,1.363,-0.496,0.107,,,,,,,,,4.41
153,250.3,Xander Bogaerts,SS,476.0,0.502,0.013,0.552,0.837,0.451,1.206,0.019,,,,,,,,,4.4
154,256.3,Ezequiel Tovar,SS,508.0,0.729,0.588,0.72,0.207,-0.207,0.956,0.588,,,,,,,,,4.4
155,236.8,Munetaka Murakami,3B,461.0,0.676,1.314,0.866,0.055,1.45,-1.147,0.347,,,,,,,,,4.37
156,255.6,Seranthony Dominguez,RP,,,,,,,,,58.3,0.442,0.0,0.152,0.486,1.124,0.024,0.056,4.34
157,97.8,Ozzie Albies,2B,496.0,0.672,0.425,0.785,0.346,0.364,0.655,0.26,,,,,,,,,4.31
158,120.9,Brandon Woodruff,SP,,,,,,,,,157.7,0.752,0.539,0.41,0.0,0.0,-0.094,-0.282,4.24
159,247.8,Adolis Garcia,OF,488.0,0.601,1.108,0.997,0.446,0.198,-0.446,0.544,,,,,,,,,4.24
160,117.8,Salvador Perez,C/1B,487.0,0.629,1.194,1.22,-0.84,-0.273,0.555,0.959,,,,,,,,,4.23
161,149.7,Emilio Pagan,RP,,,,,,,,,64.8,0.683,0.0,0.621,1.257,-0.451,0.197,-0.16,4.23
162,102.9,Nathan Eovaldi,SP,,,,,,,,,154.0,0.418,0.586,0.564,0.0,0.0,-0.215,-0.282,4.22
163,208.1,Brendan Donovan,2B,492.0,0.931,-0.084,0.387,-0.121,0.77,1.306,0.194,,,,,,,,,4.16
164,252.1,Robert Garcia,RP,,,,,,,,,58.3,0.368,0.0,0.387,0.775,0.397,-0.113,0.002,4.16
165,257.1,Masyn Winn,SS,549.0,0.853,0.219,0.658,0.598,0.469,0.655,-0.068,,,,,,,,,4.16
166,146.2,Nolan McLean,SP,,,,,,,,,160.6,0.439,0.633,0.95,0.0,0.0,-0.179,0.173,4.14
167,180.7,Robbie Ray,SP,,,,,,,,,169.4,0.96,0.562,0.603,0.0,0.0,0.111,-0.004,4.12
168,145.5,Tanner Bibee,SP,,,,,,,,,172.5,0.704,0.728,0.641,0.0,0.0,0.069,-0.004,4.1
169,258.6,David Peterson,SP,,,,,,,,,163.5,0.264,0.705,1.105,0.0,0.0,-0.2,0.274,4.09
170,222.3,Luis Garcia Jr.,2B,427.0,0.214,0.176,0.515,0.686,-0.321,1.356,0.675,,,,,,,,,4.06
171,146.7,Zac Gallen,SP,,,,,,,,,169.4,0.584,0.61,0.912,0.0,0.0,0.084,0.046,4.04
172,227.8,Luis Robert Jr.,OF,458.0,0.402,0.609,0.595,2.414,0.185,-0.696,-0.222,,,,,,,,,4.04
173,191.8,Brandon Lowe,2B,483.0,0.803,1.119,0.782,-0.348,0.495,-0.196,0.631,,,,,,,,,4.04
174,180.8,Jack Flaherty,SP,,,,,,,,,160.2,0.912,0.586,0.294,0.0,0.0,-0.089,-0.055,3.95
175,259.9,Kevin Ginkel,RP,,,,,,,,,64.8,0.491,0.0,0.738,0.005,0.761,-0.016,0.083,3.94
176,186.2,Ceddanne Rafaela,2B/OF,474.0,0.47,0.284,0.603,1.38,-0.395,0.605,0.26,,,,,,,,,3.94
177,90.7,Sonny Gray,SP,,,,,,,,,154.8,0.619,0.681,0.294,0.0,0.0,-0.173,-0.156,3.93
178,246.4,Wilyer Abreu,OF,391.0,0.36,0.588,0.544,0.043,0.704,0.155,0.806,,,,,,,,,3.93
179,240.1,Jac Caglianone,OF,444.0,0.534,0.848,0.785,-0.525,0.211,0.455,0.872,,,,,,,,,3.91
180,231.7,Otto Lopez,2B/SS,502.0,0.537,-0.171,0.409,1.102,0.307,1.256,-0.287,,,,,,,,,3.87
181,179.9,Bryson Stott,2B,448.0,0.441,-0.095,0.332,1.683,0.53,0.605,-0.353,,,,,,,,,3.86
182,148.6,Ranger Suarez,SP,,,,,,,,,163.5,0.257,0.847,0.68,0.0,0.0,-0.147,0.046,3.85
183,200.0,Kyle Stowers,OF,487.0,0.69,0.945,0.855,-0.361,0.861,-0.296,0.413,,,,,,,,,3.82
184,241.8,Daylen Lile,OF,455.0,0.388,-0.16,0.453,0.711,0.024,1.206,0.478,,,,,,,,,3.81
185,249.0,TJ Friedl,OF,477.0,0.97,0.23,0.325,0.459,1.014,0.255,-0.156,,,,,,,,,3.8
186,258.5,Nolan Schanuel,1B,418.0,0.473,0.089,0.34,-0.247,1.022,1.156,0.216,,,,,,,,,3.75
187,244.0,Kerry Carpenter,OF,447.0,0.562,1.043,0.822,-0.588,-0.024,0.255,0.959,,,,,,,,,3.72
188,238.3,Chandler Simpson,OF,397.0,0.022,-1.092,-0.355,3.965,-0.321,1.907,-1.096,,,,,,,,,3.72
189,112.8,Ryan Pepiot,SP,,,,,,,,,163.2,0.925,0.539,0.294,0.0,0.0,0.048,-0.08,3.66
190,237.0,Alec Bohm,3B,479.0,0.512,0.122,0.804,-0.563,0.15,1.506,0.435,,,,,,,,,3.64
191,133.7,Adley Rutschman,C,447.0,0.676,0.393,0.687,-0.764,1.114,0.455,0.391,,,,,,,,,3.63
192,227.1,Noelvi Marte,3B/OF,420.0,0.345,0.338,0.424,0.749,-0.138,0.555,0.675,,,,,,,,,3.62
193,252.5,Adrian Morejon,RP,,,,,,,,,64.8,0.506,0.0,0.738,-0.67,0.882,-0.204,-0.106,3.61
194,99.1,Kyle Bradish,SP,,,,,,,,,148.2,0.503,0.491,0.333,0.0,0.0,-0.221,-0.181,3.53
195,211.4,Spencer Torkelson,1B,496.0,0.732,1.086,1.008,-0.651,1.297,-0.896,0.281,,,,,,,,,3.51
196,119.7,Tyler Glasnow,SP,,,,,,,,,133.7,0.503,0.16,0.487,0.0,0.0,-0.284,-0.282,3.51
197,152.4,Yainer Diaz,C,448.0,0.388,0.598,0.771,-0.689,-0.513,1.306,0.959,,,,,,,,,3.46
198,248.6,Brenton Doyle,OF,474.0,0.406,0.436,0.548,1.443,0.024,0.055,-0.134,,,,,,,,,3.41
199,246.3,Addison Barger,3B/OF,460.0,0.633,0.62,0.782,-0.424,0.495,0.005,0.653,,,,,,,,,3.4
200,257.7,Kyle Manzardo,1B,417.0,0.466,0.967,0.785,-0.676,0.678,-0.496,1.047,,,,,,,,,3.4
201,194.8,Jackson Holliday,2B,416.0,0.697,0.046,0.179,0.837,0.73,0.205,0.019,,,,,,,,,3.33
202,159.7,Nick Lodolo,SP,,,,,,,,,157.7,0.58,0.586,0.294,0.0,0.0,-0.016,-0.156,3.33
203,160.6,Pete Fairbanks,RP,,,,,,,,,59.9,0.314,0.0,0.27,1.257,-0.451,-0.077,-0.16,3.32
204,224.1,Dansby Swanson,SS,504.0,0.629,0.501,0.676,0.737,0.643,-0.246,-0.243,,,,,,,,,3.31
205,252.0,Mitch Keller,SP,,,,,,,,,175.6,0.37,0.681,0.796,0.0,0.0,0.168,0.072,3.28
206,177.7,Alejandro Kirk,C,393.0,0.31,0.132,0.471,-0.764,0.56,1.406,0.544,,,,,,,,,3.27
207,253.4,Jose Soriano,SP,,,,,,,,,166.3,0.462,0.847,0.41,0.0,0.0,-0.131,0.249,3.27
208,259.0,Jake Burger,1B,448.0,0.487,1.108,0.895,-0.663,-0.221,0.055,0.981,,,,,,,,,3.25
209,197.4,Aaron Nola,SP,,,,,,,,,157.7,0.409,0.515,0.564,0.0,0.0,-0.01,-0.08,3.22
210,78.4,Zack Wheeler,SP,,,,,,,,,129.3,0.314,0.207,0.062,0.0,0.0,-0.447,-0.535,3.2
211,215.2,Caleb Durbin,3B,401.0,0.313,-0.344,0.172,1.43,0.015,1.106,-0.112,,,,,,,,,3.17
212,246.1,Matt McLain,2B,459.0,0.651,0.36,0.405,0.875,0.774,-0.446,-0.047,,,,,,,,,3.16
213,238.8,Ryan O’Hearn,1B/OF,441.0,0.388,0.143,0.574,-0.525,0.503,1.106,0.347,,,,,,,,,3.12
214,202.7,Sal Frelick,OF,476.0,0.392,-0.388,0.252,1.001,0.473,1.306,-0.506,,,,,,,,,3.11
215,240.0,Jorge Polanco,2B,408.0,0.37,0.598,0.614,-0.298,0.508,0.155,0.588,,,,,,,,,3.11
216,251.1,Trent Grisham,OF,445.0,0.963,0.934,0.53,-0.159,1.459,-1.347,0.128,,,,,,,,,3.08
217,251.8,Jonathan Aranda,1B,445.0,0.47,0.425,0.61,-0.638,0.94,0.455,0.238,,,,,,,,,3.07
218,248.1,Yusei Kikuchi,SP,,,,,,,,,163.9,0.757,0.586,0.333,0.0,0.0,0.074,0.097,3.07
219,207.4,Jung Hoo Lee,OF,480.0,0.452,-0.366,0.402,0.194,0.364,1.356,0.019,,,,,,,,,2.97
220,242.9,Heliot Ramos,OF,472.0,0.551,0.555,0.566,-0.134,0.342,0.405,0.128,,,,,,,,,2.96
221,254.4,Kevin McGonigle,SS,423.0,0.53,-0.008,0.197,0.446,0.892,0.505,-0.156,,,,,,,,,2.96
222,206.9,Kazuma Okamoto,3B,414.0,0.459,0.685,0.61,-0.6,0.342,0.155,0.741,,,,,,,,,2.94
223,259.9,Ben Brown,RP,,,,,,,,,69.0,1.151,0.0,1.206,-0.67,-0.694,-0.214,-0.214,2.9
224,259.7,Mark Vientos,3B,418.0,0.381,0.902,0.771,-0.739,0.059,0.105,0.872,,,,,,,,,2.89
225,249.2,Dennis Santana,RP,,,,,,,,,64.8,0.161,0.0,0.504,1.257,-0.451,0.131,-0.025,2.79
226,253.8,Michael Wacha,SP,,,,,,,,,175.6,0.144,0.681,0.912,0.0,0.0,0.263,0.122,2.76
227,170.7,Matthew Boyd,SP,,,,,,,,,157.7,0.204,0.468,0.603,0.0,0.0,-0.047,-0.029,2.76
228,208.2,Christian Walker,1B,462.0,0.548,1.119,0.921,-0.512,0.49,-0.796,0.435,,,,,,,,,2.71
229,251.1,Colson Montgomery,SS,511.0,0.775,1.314,0.99,-0.487,0.735,-1.297,0.128,,,,,,,,,2.65
230,168.4,Carlos Estevez,RP,,,,,,,,,64.8,0.205,0.0,0.504,1.739,-0.815,0.344,0.002,2.63
231,259.7,Kyle Finnegan,RP,,,,,,,,,64.8,0.328,0.0,0.504,-0.67,1.124,0.009,0.002,2.6
232,244.1,Giancarlo Stanton,OF,357.0,0.239,1.194,0.723,-0.79,0.185,-0.796,1.353,,,,,,,,,2.59
233,225.7,Shane Baz,SP,,,,,,,,,157.7,0.471,0.397,0.564,0.0,0.0,0.095,0.072,2.58
234,259.4,Brandon Pfaadt,SP,,,,,,,,,163.5,0.167,0.444,0.796,0.0,0.0,0.126,0.021,2.57
235,223.8,Konnor Griffin,SS,413.0,0.211,-0.193,0.102,1.544,-0.09,0.756,-0.287,,,,,,,,,2.51
236,258.3,Brad Keller,RP,,,,,,,,,64.8,0.038,0.0,0.504,-0.67,1.73,0.161,0.218,2.5
237,193.3,Andrew Abbott,SP,,,,,,,,,169.4,0.471,0.586,0.487,0.0,0.0,0.247,0.072,2.5
238,259.1,Matt Strahm,RP,,,,,,,,,58.3,0.363,0.0,0.387,-0.67,0.761,-0.011,-0.349,2.45
239,254.1,Miguel Vargas,1B/3B,456.0,0.541,0.338,0.541,-0.058,1.084,-0.496,0.041,,,,,,,,,2.45
240,256.9,Colt Keith,2B/3B,438.0,0.477,0.219,0.343,-0.399,0.565,0.706,0.063,,,,,,,,,2.43
241,174.2,Isaac Paredes,3B,343.0,0.271,0.49,0.307,-0.739,0.599,0.105,0.916,,,,,,,,,2.39
242,258.6,Ramon Laureano,OF,439.0,0.381,0.555,0.617,0.093,0.072,-0.145,0.369,,,,,,,,,2.39
243,183.1,Sandy Alcantara,SP,,,,,,,,,169.4,0.208,0.633,0.448,0.0,0.0,0.084,0.046,2.37
244,259.3,Evan Carter,OF,372.0,0.179,-0.074,0.135,1.14,0.534,-0.045,0.063,,,,,,,,,2.37
245,260.0,Kirby Yates,RP,,,,,,,,,56.7,0.491,0.0,0.035,0.294,0.518,0.136,0.056,2.34
246,1.4,Shohei Ohtani,SP,,,,,,,,,123.9,0.243,0.041,0.101,0.0,0.0,-0.378,-0.358,2.29
247,259.6,Brandon Marsh,OF,426.0,0.37,0.002,0.314,0.371,0.639,0.305,-0.156,,,,,,,,,2.27
248,159.4,Marcus Semien,2B,476.0,0.555,0.458,0.654,0.055,0.639,-0.246,-0.287,,,,,,,,,2.25
249,158.7,Gavin Williams,SP,,,,,,,,,160.2,0.72,0.468,0.101,0.0,0.0,0.058,0.148,2.21
250,259.7,Josh Jung,3B,471.0,0.399,0.555,0.731,-0.348,-0.207,0.355,0.303,,,,,,,,,2.2
251,259.7,Andres Gimenez,2B,468.0,0.519,-0.149,0.369,1.317,-0.138,0.305,-0.44,,,,,,,,,2.19
252,235.8,Gabriel Moreno,C,364.0,0.076,-0.258,0.131,-0.386,0.294,1.707,0.216,,,,,,,,,2.19
253,118.5,Eury Perez,SP,,,,,,,,,148.9,0.711,0.278,-0.208,0.0,0.0,0.0,-0.282,2.17
254,256.7,Chris Bassitt,SP,,,,,,,,,163.2,0.28,0.491,0.603,0.0,0.0,0.116,0.223,2.11
255,244.5,Bailey Ober,SP,,,,,,,,,160.6,0.264,0.325,0.448,0.0,0.0,0.179,-0.131,2.02
256,258.5,Tony Santillan,RP,,,,,,,,,64.8,0.525,0.0,0.504,-0.67,1.124,0.293,0.218,1.99
257,141.4,Josh Hader,RP,,,,,,,,,46.2,0.373,0.0,-0.199,1.257,-1.178,-0.229,-0.484,1.97
258,161.4,Emmet Sheehan,SP,,,,,,,,,134.7,0.342,0.041,0.294,0.0,0.0,-0.079,-0.181,1.91
259,254.9,Jordan Westburg,3B,339.0,0.168,0.241,0.157,-0.436,-0.378,0.806,0.959,,,,,,,,,1.86
260,254.5,Brayan Bello,SP,,,,,,,,,169.4,0.141,0.61,0.603,0.0,0.0,0.232,0.223,1.84
261,254.2,Willi Castro,2B/3B/ OF,432.0,0.36,-0.128,0.204,0.749,0.255,0.355,-0.353,,,,,,,,,1.77
262,259.8,Brooks Raley,RP,,,,,,,,,58.3,0.018,0.0,0.27,-0.67,1.367,0.04,0.083,1.76
263,243.1,Shane McClanahan,SP,,,,,,,,,132.1,0.333,0.207,-0.324,0.0,0.0,-0.336,-0.308,1.76
264,240.9,Max Muncy,3B,330.0,0.267,0.598,0.34,-0.563,1.132,-1.097,0.697,,,,,,,,,1.69
265,258.4,Andrew Vaughn,1B,459.0,0.377,0.533,0.643,-0.764,0.189,0.155,0.238,,,,,,,,,1.68
266,258.3,Josh Smith,1B/SS/ 3B,471.0,0.697,-0.149,0.274,0.32,0.835,0.005,-0.615,,,,,,,,,1.68
267,253.3,Brady Singer,SP,,,,,,,,,163.2,0.386,0.515,0.255,0.0,0.0,0.184,0.148,1.68
268,258.6,Casey Mize,SP,,,,,,,,,157.9,0.139,0.42,0.255,0.0,0.0,0.011,-0.004,1.65
269,246.7,Daulton Varsho,OF,434.0,0.385,0.761,0.658,-0.071,0.22,-1.047,0.369,,,,,,,,,1.57
270,259.6,Luis Severino,SP,,,,,,,,,169.4,0.121,0.468,0.641,0.0,0.0,0.289,0.198,1.52
271,256.9,Ryan Jeffers,C,417.0,0.399,0.327,0.446,-0.588,0.517,-0.045,0.172,,,,,,,,,1.51
272,250.7,Jonathan India,2B/3B/ OF,439.0,0.569,-0.117,0.223,-0.172,0.857,0.255,-0.418,,,,,,,,,1.47
273,258.1,Brooks Lee,2B/SS/ 3B,452.0,0.399,0.23,0.475,-0.31,0.024,0.355,0.019,,,,,,,,,1.46
274,97.7,Blake Snell,SP,,,,,,,,,120.3,0.31,-0.101,0.062,0.0,0.0,-0.336,-0.105,1.45
275,253.1,Nolan Arenado,3B,454.0,0.335,0.273,0.541,-0.537,0.093,0.505,-0.047,,,,,,,,,1.43
276,257.2,Jeff McNeil,2B/OF,416.0,0.441,-0.214,0.281,-0.462,0.211,0.906,-0.003,,,,,,,,,1.43
277,218.5,Tatsuya Imai,SP,,,,,,,,,157.7,0.414,0.302,0.487,0.0,0.0,0.184,0.325,1.42
278,259.6,Chase DeLauter,OF,429.0,0.37,0.089,0.31,-0.474,0.517,0.205,0.128,,,,,,,,,1.41
279,184.9,Ernie Clement,2B/SS/ 3B,447.0,0.328,-0.344,0.332,-0.008,-0.478,1.356,-0.068,,,,,,,,,1.37
280,260.0,Taj Bradley,SP,,,,,,,,,154.8,0.349,0.278,0.217,0.0,0.0,0.111,0.072,1.35
281,251.8,Noah Cameron,SP,,,,,,,,,160.6,-0.031,0.491,0.487,0.0,0.0,0.132,0.173,1.31
282,258.7,Nolan Gorman,2B/3B,453.0,0.416,0.978,0.723,-0.399,0.87,-1.497,-0.068,,,,,,,,,1.26
283,255.3,Francisco Alvarez,C,326.0,0.076,0.566,0.256,-0.638,0.063,-0.246,0.916,,,,,,,,,1.22
284,164.6,Drew Rasmussen,SP,,,,,,,,,146.0,0.116,0.325,-0.169,0.0,0.0,-0.126,-0.181,1.18
285,259.8,Lars Nootbaar,OF,354.0,0.289,-0.052,-0.07,-0.172,0.791,0.055,0.019,,,,,,,,,1.06
286,259.8,Jameson Taillon,SP,,,,,,,,,159.5,-0.204,0.207,0.719,0.0,0.0,0.258,-0.029,1.01
287,259.6,Colton Cowser,OF,367.0,0.214,0.349,0.23,0.358,0.333,-0.846,0.172,,,,,,,,,1.0
288,227.4,Edward Cabrera,SP,,,,,,,,,140.3,0.372,0.088,0.024,0.0,0.0,-0.047,0.046,0.99
289,259.9,Paul Blackburn,RP,,,,,,,,,74.0,0.397,0.0,1.441,-0.67,-0.451,0.156,0.083,0.98
290,259.9,Jordan Walker,OF,434.0,0.214,0.122,0.307,0.232,0.181,-0.145,-0.178,,,,,,,,,0.9
291,251.3,Tyler Rogers,RP,,,,,,,,,58.3,-0.755,0.0,0.152,-0.67,1.973,0.131,0.137,0.88
292,252.0,Dylan Crews,OF,349.0,-0.077,-0.019,0.011,1.216,-0.221,-0.196,-0.047,,,,,,,,,0.82
293,258.9,Anthony Volpe,SS,383.0,0.179,0.046,0.186,1.077,0.011,-0.746,-0.112,,,,,,,,,0.79
294,259.9,Joey Ortiz,SS,427.0,0.299,-0.323,0.142,0.636,0.159,0.255,-0.571,,,,,,,,,0.73
295,200.5,Kenley Jansen,RP,,,,,,,,,56.7,0.131,0.0,0.035,1.257,-1.178,0.156,-0.241,0.67
296,253.0,Seth Lugo,SP,,,,,,,,,157.7,0.04,0.302,0.333,0.0,0.0,0.258,0.122,0.6
297,258.1,J.P. Crawford,SS,455.0,0.537,-0.258,0.182,-0.298,1.358,-0.246,-0.79,,,,,,,,,0.6
298,256.4,Ryne Nelson,SP,,,,,,,,,154.8,-0.161,0.231,0.41,0.0,0.0,0.153,0.046,0.57
299,215.3,Carlos Rodon,SP,,,,,,,,,130.9,0.188,-0.125,0.062,0.0,0.0,0.006,-0.156,0.56
300,257.5,Jake Cronenworth,2B,456.0,0.48,-0.03,0.373,-0.31,0.979,-0.496,-0.55,,,,,,,,,0.55
301,259.6,Cedric Mullins,OF,412.0,0.157,0.046,0.102,1.43,0.368,-0.996,-0.659,,,,,,,,,0.55
302,254.8,Clay Holmes,SP,,,,,,,,,148.9,-0.209,0.278,0.41,0.0,0.0,-0.084,0.299,0.54
303,255.9,Shane Smith,SP,,,,,,,,,160.2,0.278,0.349,-0.053,0.0,0.0,0.163,0.173,0.49
304,260.0,Aaron Bummer,RP,,,,,,,,,64.8,0.491,0.0,0.855,-0.67,-0.451,-0.184,0.191,0.45
305,258.6,Brett Baty,2B/3B,350.0,0.019,0.154,0.164,-0.361,-0.011,0.055,0.281,,,,,,,,,0.37
306,217.3,Kris Bubic,SP,,,,,,,,,139.9,-0.057,0.207,0.024,0.0,0.0,-0.063,0.072,0.34
307,259.1,Ryan Weathers,SP,,,,,,,,,137.3,-0.027,0.041,0.14,0.0,0.0,-0.016,0.021,0.3
308,245.7,J.T. Realmuto,C,420.0,0.196,0.067,0.329,-0.172,-0.125,0.055,-0.112,,,,,,,,,0.29
309,259.4,Sean Manaea,SP,,,,,,,,,134.7,0.035,-0.077,0.101,0.0,0.0,-0.021,-0.055,0.28
310,257.0,Spencer Steer,1B,327.0,-0.077,-0.008,0.047,-0.083,0.198,-0.296,0.369,,,,,,,,,0.18
311,259.7,Andrew Benintendi,OF,375.0,0.1,-0.019,0.077,-0.563,0.137,0.355,-0.025,,,,,,,,,0.08
312,253.5,Jack Leiter,SP,,,,,,,,,151.8,0.307,0.088,0.101,0.0,0.0,0.253,0.223,0.04
313,235.2,Samuel Basallo,C,301.0,-0.042,0.219,0.036,-0.626,-0.225,-0.246,0.785,,,,,,,,,-0.12
314,260.0,Victor Scott II,OF,424.0,0.168,-0.561,-0.128,2.818,0.229,-0.996,-1.687,,,,,,,,,-0.19
315,259.7,Harrison Bader,OF,401.0,0.04,-0.117,0.051,0.648,-0.207,0.055,-0.637,,,,,,,,,-0.21
316,260.0,Brayan Rocchio,2B/SS,385.0,0.157,-0.355,0.011,0.522,0.159,-0.196,-0.484,,,,,,,,,-0.23
317,260.0,Lane Thomas,OF,328.0,-0.113,-0.139,-0.092,0.749,-0.129,-0.346,-0.178,,,,,,,,,-0.3
318,259.5,Mike Yastrzemski,OF,350.0,0.093,0.154,0.128,-0.361,0.46,-0.746,0.019,,,,,,,,,-0.31
319,259.8,Jared Triolo,1B/SS/ 3B,402.0,0.118,-0.453,-0.051,0.56,0.726,-0.145,-1.031,,,,,,,,,-0.34
320,120.5,Jacob Misiorowski,SP,,,,,,,,,140.3,0.423,-0.006,-0.208,0.0,0.0,0.074,0.299,-0.34
321,242.2,Jason Adam,RP,,,,,,,,,46.2,-0.282,0.0,-0.433,-0.67,1.003,-0.052,-0.106,-0.46
322,186.9,Trevor Rogers,SP,,,,,,,,,143.0,-0.29,0.112,0.101,0.0,0.0,0.063,0.122,-0.54
323,247.5,Austin Wells,C,335.0,0.086,0.284,0.146,-0.411,-0.059,-0.846,0.325,,,,,,,,,-0.58
324,259.7,Ke’Bryan Hayes,3B,386.0,0.079,-0.431,-0.015,0.257,-0.164,0.305,-0.55,,,,,,,,,-0.64
325,259.7,Rhys Hoskins,1B,352.0,0.026,0.327,0.153,-0.563,0.438,-1.047,0.085,,,,,,,,,-0.71
326,259.5,Jordan Lawlar,3B,348.0,-0.027,-0.431,-0.143,0.661,0.076,-0.095,-0.615,,,,,,,,,-0.71
327,128.3,Chase Burns,SP,,,,,,,,,122.2,0.045,-0.101,-0.555,0.0,0.0,-0.152,-0.105,-0.72
328,252.9,Bryce Miller,SP,,,,,,,,,139.3,-0.172,-0.172,0.178,0.0,0.0,0.163,0.021,-0.72
329,258.8,Logan O’Hoppe,C,382.0,0.054,0.544,0.267,-0.55,-0.173,-0.796,0.019,,,,,,,,,-0.78
330,259.3,Bo Naylor,C,349.0,0.04,0.262,0.106,-0.361,0.403,-1.247,0.085,,,,,,,,,-0.87
331,259.9,Luis Rengifo,2B/3B,345.0,-0.166,-0.344,-0.157,0.409,-0.356,0.355,-0.462,,,,,,,,,-0.89
332,240.4,Merrill Kelly,SP,,,,,,,,,132.6,-0.303,-0.125,0.024,0.0,0.0,0.016,0.021,-0.9
333,259.9,Matthew Liberatore,SP,,,,,,,,,151.8,-0.209,0.136,-0.053,0.0,0.0,0.179,0.173,-0.98
334,257.7,Tommy Edman,2B/OF,309.0,-0.095,-0.323,-0.114,-0.146,-0.465,0.305,0.041,,,,,,,,,-0.98
335,260.0,Ian Hamilton,RP,,,,,,,,,56.7,0.141,0.0,0.152,-0.67,0.155,0.07,0.272,-1.15
336,260.0,Miguel Andujar,3B/OF,263.0,-0.464,-0.54,-0.358,-0.689,-0.709,1.506,0.281,,,,,,,,,-1.2
337,259.9,Masataka Yoshida,DH,210.0,-0.62,-0.648,-0.578,-0.638,-0.757,1.707,0.522,,,,,,,,,-1.24
338,258.4,Grayson Rodriguez,SP,,,,,,,,,126.4,-0.029,-0.125,-0.594,0.0,0.0,-0.063,-0.055,-1.29
339,258.2,Justin Verlander,SP,,,,,,,,,145.8,-0.271,-0.006,-0.092,0.0,0.0,0.19,0.072,-1.29
340,260.0,Luis Garcia,RP,,,,,,,,,56.7,-0.204,0.0,0.152,-0.67,0.276,-0.006,0.218,-1.34
341,255.5,Carter Jensen,C,271.0,-0.265,-0.29,-0.285,-0.512,-0.077,0.105,0.194,,,,,,,,,-1.39
342,259.9,Matt Shaw,3B,253.0,-0.372,-0.409,-0.399,0.434,-0.247,-0.095,-0.068,,,,,,,,,-1.42
343,227.3,Bubba Chandler,SP,,,,,,,,,143.0,-0.151,-0.006,-0.208,0.0,0.0,0.168,0.249,-1.6
344,194.0,Trey Yesavage,SP,,,,,,,,,116.5,-0.084,-0.362,-0.401,0.0,0.0,-0.11,0.072,-1.65
345,259.9,Alek Thomas,OF,355.0,-0.098,-0.334,-0.092,0.068,-0.491,0.055,-0.484,,,,,,,,,-1.69
346,249.1,Joe Musgrove,SP,,,,,,,,,123.8,-0.38,-0.267,-0.362,0.0,0.0,-0.079,-0.105,-1.69
347,259.9,Kyle Freeland,SP,,,,,,,,,166.3,-0.359,0.444,-0.092,0.0,0.0,0.505,0.325,-1.71
348,258.7,Reid Detmers,SP,,,,,,,,,132.1,0.077,-0.101,-0.594,0.0,0.0,0.074,0.148,-1.72
349,259.8,Cade Cavalli,SP,,,,,,,,,140.3,-0.37,0.112,-0.44,0.0,0.0,-0.016,0.173,-1.75
350,259.8,Tyler Stephenson,C,330.0,-0.105,-0.095,-0.081,-0.726,0.12,-0.496,-0.09,,,,,,,,,-1.81
351,193.9,Gerrit Cole,SP,,,,,,,,,116.1,-0.345,-0.433,-0.324,0.0,0.0,-0.021,-0.181,-1.84
352,254.4,Shane Bieber,SP,,,,,,,,,118.7,-0.523,-0.314,-0.324,0.0,0.0,-0.11,-0.131,-1.88
353,225.7,Cade Horton,SP,,,,,,,,,137.5,-0.294,-0.149,-0.169,0.0,0.0,0.153,0.173,-1.92
354,260.0,Nick Gonzales,2B,303.0,-0.336,-0.659,-0.333,-0.575,-0.487,0.956,-0.134,,,,,,,,,-1.93
355,258.4,Nick Martinez,SP,,,,,,,,,151.8,-0.375,0.017,-0.131,0.0,0.0,0.31,0.173,-1.99
356,255.2,Kyle Teel,C,288.0,-0.279,-0.399,-0.362,-0.361,0.155,0.055,-0.44,,,,,,,,,-2.0
357,259.4,Reynaldo Lopez,SP,,,,,,,,,120.3,-0.294,-0.386,-0.285,0.0,0.0,0.042,0.021,-2.1
358,259.9,Carlos Santana,1B,348.0,-0.102,-0.171,-0.04,-0.449,0.333,-0.496,-0.79,,,,,,,,,-2.11
359,259.0,Mike Burrows,SP,,,,,,,,,129.5,-0.179,-0.243,-0.362,0.0,0.0,0.132,0.148,-2.17
360,259.8,Ha-Seong Kim,SS,260.0,-0.322,-0.637,-0.464,0.421,-0.016,-0.045,-0.79,,,,,,,,,-2.28
361,257.1,Dillon Dingler,C,326.0,-0.159,-0.204,-0.139,-0.739,-0.373,-0.095,-0.156,,,,,,,,,-2.29
362,259.9,Tim Hill,RP,,,,,,,,,64.8,-0.849,0.0,0.504,-0.67,0.518,0.192,0.434,-2.29
363,260.0,Gabriel Arias,2B/SS,379.0,-0.127,-0.193,-0.048,0.207,-0.299,-0.796,-0.615,,,,,,,,,-2.3
364,259.9,Ben Joyce,RP,,,,,,,,,39.6,-0.415,0.0,-0.902,-0.188,0.276,-0.107,0.002,-2.3
365,259.9,Lenyn Sosa,1B/2B,280.0,-0.436,-0.193,-0.271,-0.663,-0.888,0.305,0.26,,,,,,,,,-2.32
366,260.0,Tyler Alexander,RP,,,,,,,,,68.1,-0.036,0.0,0.621,-0.67,-0.451,0.39,0.218,-2.34
367,259.3,Ryan McMahon,3B,361.0,0.136,0.132,0.077,-0.449,0.604,-1.747,-0.703,,,,,,,,,-2.4
368,259.8,Freddy Fermin,C,336.0,-0.109,-0.399,-0.168,-0.499,-0.312,0.155,-0.637,,,,,,,,,-2.42
369,259.1,Paul Goldschmidt,1B,223.0,-0.546,-0.55,-0.53,-0.575,-0.495,0.505,0.172,,,,,,,,,-2.48
370,260.0,Bryce Eldridge,DH,319.0,-0.223,0.035,-0.099,-0.689,-0.094,-0.796,-0.156,,,,,,,,,-2.48
371,259.8,Dustin May,SP,,,,,,,,,131.2,-0.338,-0.267,-0.362,0.0,0.0,0.137,0.122,-2.5
372,259.9,Garrett Mitchell,OF,246.0,-0.5,-0.474,-0.49,0.156,-0.269,-0.246,-0.265,,,,,,,,,-2.57
373,259.0,Mauricio Dubon,2B/SS/ 3B/OF,331.0,-0.201,-0.691,-0.26,-0.436,-0.644,0.906,-0.768,,,,,,,,,-2.57
374,258.7,Carson Kelly,C,292.0,-0.294,-0.193,-0.238,-0.638,-0.103,-0.496,-0.331,,,,,,,,,-2.82
375,259.9,DL Hall,RP,,,,,,,,,56.7,0.008,0.0,0.035,-0.67,-0.451,0.09,0.218,-2.83
376,259.6,Nick Castellanos,OF,274.0,-0.439,-0.334,-0.318,-0.638,-0.692,0.055,-0.003,,,,,,,,,-2.91
377,259.9,Logan Henderson,SP,,,,,,,,,123.9,-0.331,-0.386,-0.594,0.0,0.0,0.132,0.046,-3.04
378,259.3,Max Scherzer,SP,,,,,,,,,118.0,-0.375,-0.575,-0.478,0.0,0.0,0.19,-0.131,-3.04
379,260.0,Luis Campusano,DH,241.0,-0.439,-0.399,-0.446,-0.764,-0.316,-0.045,-0.068,,,,,,,,,-3.04
380,259.5,Carlos Narvaez,C,303.0,-0.205,-0.269,-0.245,-0.499,0.05,-0.696,-0.615,,,,,,,,,-3.05
381,259.8,Cole Young,2B,286.0,-0.212,-0.713,-0.413,-0.26,0.05,-0.296,-0.746,,,,,,,,,-3.18
382,259.9,Kody Clemens,1B/2B/ OF,242.0,-0.482,-0.247,-0.384,-0.512,-0.604,-0.696,0.303,,,,,,,,,-3.22
383,260.0,Taylor Clarke,RP,,,,,,,,,56.7,-0.415,0.0,0.035,-0.67,-0.451,0.172,-0.079,-3.26
384,260.0,Adbert Alzolay,RP,,,,,,,,,52.8,-0.233,0.0,-0.082,-0.67,-0.572,0.085,-0.025,-3.3
385,260.0,Brusdar Graterol,RP,,,,,,,,,51.5,-0.494,0.0,0.035,-0.67,-0.572,-0.097,0.029,-3.34
386,256.9,Zach McKinstry,SS/3B/ OF,297.0,-0.343,-0.659,-0.42,0.409,-0.155,-0.596,-0.987,,,,,,,,,-3.38
387,249.9,Kodai Senga,SP,,,,,,,,,111.8,-0.523,-0.575,-0.44,0.0,0.0,-0.031,0.173,-3.43
388,244.1,Roki Sasaki,SP,,,,,,,,,115.8,-0.622,-0.528,-0.285,0.0,0.0,0.111,0.198,-3.56
389,260.0,Brent Suter,RP,,,,,,,,,64.8,-0.292,0.0,0.27,-0.67,-0.451,0.334,0.299,-3.63
390,260.0,Beau Brieske,RP,,,,,,,,,51.5,-0.484,0.0,-0.433,-0.67,0.276,0.293,0.218,-3.72
391,260.0,Miles Mikolas,SP,,,,,,,,,148.9,-0.755,-0.101,-0.44,0.0,0.0,0.374,0.173,-3.77
392,260.0,Cole Sulser,RP,,,,,,,,,56.7,-0.223,0.0,-0.082,-0.67,-0.451,0.222,0.245,-3.87
393,259.9,Denzel Clarke,OF,282.0,-0.315,-0.615,-0.406,0.383,-0.399,-0.946,-0.878,,,,,,,,,-3.9
394,240.9,Max Muncy,2B/3B,243.0,-0.461,-0.507,-0.461,-0.55,-0.705,-0.296,-0.222,,,,,,,,,-3.93
395,259.0,Jasson Dominguez,OF,134.0,-0.943,-0.821,-0.936,-0.071,-0.796,0.155,0.085,,,,,,,,,-4.09
396,259.9,Jake Bauers,1B/OF,232.0,-0.485,-0.29,-0.515,-0.071,-0.029,-1.497,-0.484,,,,,,,,,-4.14
397,259.6,Grant Holmes,SP,,,,,,,,,120.0,-0.352,-0.931,-0.478,0.0,0.0,0.09,0.198,-4.19
398,259.8,Zack Littell,SP,,,,,,,,,131.2,-0.843,-0.362,-0.594,0.0,0.0,0.3,-0.004,-4.28
399,259.9,Ramon Urias,2B/3B,208.0,-0.695,-0.702,-0.684,-0.676,-0.726,0.255,-0.309,,,,,,,,,-4.35
400,256.8,Javier Sanoja,2B/3B/ OF,161.0,-0.901,-1.006,-0.936,-0.323,-0.953,0.856,-0.331,,,,,,,,,-4.42
401,260.0,Sam Haggerty,OF,168.0,-0.819,-0.973,-0.892,0.245,-0.74,0.205,-0.681,,,,,,,,,-4.49
402,259.8,Joey Bart,C,243.0,-0.471,-0.605,-0.556,-0.663,-0.282,-0.296,-0.79,,,,,,,,,-4.5
403,236.4,Jose Caballero,2B/SS/ 3B/OF,192.0,-0.698,-0.908,-0.819,1.733,-0.473,-1.147,-1.402,,,,,,,,,-4.56
404,259.8,Miguel Amaya,C,222.0,-0.571,-0.594,-0.596,-0.701,-0.652,-0.296,-0.418,,,,,,,,,-4.7
405,255.6,Joey Cantillo,SP,,,,,,,,,118.1,-0.301,-0.907,-0.864,0.0,0.0,0.006,0.249,-4.75
406,259.8,Pedro Pages,C,303.0,-0.333,-0.344,-0.336,-0.752,-0.417,-0.896,-0.812,,,,,,,,,-4.78
407,259.2,Patrick Bailey,C,367.0,-0.137,-0.485,-0.234,-0.575,-0.033,-1.047,-1.402,,,,,,,,,-4.81
408,260.0,Nelson Velazquez,OF,210.0,-0.652,-0.344,-0.574,-0.525,-0.535,-1.197,-0.09,,,,,,,,,-4.81
409,260.0,Michael Lorenzen,SP,,,,,,,,,143.0,-0.52,-0.125,-0.71,0.0,0.0,0.605,0.4,-4.82
410,259.9,Amed Rosario,3B,137.0,-1.007,-1.027,-0.991,-0.55,-1.154,1.106,-0.309,,,,,,,,,-4.83
411,260.0,Tyrone Taylor,OF,247.0,-0.514,-0.659,-0.537,-0.033,-0.796,-0.646,-0.768,,,,,,,,,-4.86
412,259.9,Alex Call,OF,171.0,-0.674,-0.8,-0.786,-0.55,-0.408,-0.346,-0.396,,,,,,,,,-4.87
413,259.9,Coby Mayo,1B,181.0,-0.716,-0.518,-0.673,-0.676,-0.613,-0.796,0.019,,,,,,,,,-4.88
414,260.0,Steven Wilson,RP,,,,,,,,,51.5,-0.302,0.0,-0.55,-0.67,-0.088,0.532,0.272,-4.93
415,260.0,Christian Moore,2B,218.0,-0.61,-0.583,-0.647,-0.386,-0.478,-0.796,-0.615,,,,,,,,,-5.06
416,257.7,Javier Baez,SS/3B/ OF,249.0,-0.588,-0.583,-0.552,-0.411,-0.966,-0.396,-0.681,,,,,,,,,-5.13
417,259.9,Justin Martinez,RP,,,,,,,,,28.7,-0.997,0.0,-1.37,-0.188,-0.33,-0.397,0.029,-5.14
418,258.4,Luis Gil,SP,,,,,,,,,109.7,-0.578,-0.765,-0.671,0.0,0.0,0.289,0.223,-5.16
419,260.0,Christian Encarnacion-Strand,1B,81.0,-1.203,-0.919,-1.144,-0.815,-1.224,0.055,0.981,,,,,,,,,-5.24
420,259.9,Dalton Rushing,C,176.0,-0.677,-0.572,-0.702,-0.752,-0.53,-0.896,-0.134,,,,,,,,,-5.24
421,259.9,Tyler Gilbert,RP,,,,,,,,,46.2,-0.78,0.0,-0.667,-0.67,-0.088,0.217,0.191,-5.34
422,260.0,Gregory Santos,RP,,,,,,,,,41.6,-0.844,0.0,-0.785,-0.67,-0.088,-0.016,0.245,-5.34
423,259.9,Casey Schmitt,2B/3B,204.0,-0.762,-0.637,-0.709,-0.714,-0.761,-0.346,-0.615,,,,,,,,,-5.58
424,259.2,Hyeseong Kim,2B,112.0,-1.085,-1.125,-1.115,-0.172,-1.115,0.906,-0.878,,,,,,,,,-5.63
425,260.0,Nick Loftin,OF,132.0,-0.975,-0.984,-1.005,-0.588,-0.761,0.205,-0.571,,,,,,,,,-5.75
426,259.8,Liam Hicks,C/1B,202.0,-0.723,-0.93,-0.822,-0.726,-0.282,0.055,-1.249,,,,,,,,,-5.75
427,259.9,Jahmai Jones,OF,129.0,-0.95,-0.875,-0.994,-0.537,-0.735,-0.446,-0.2,,,,,,,,,-5.82
428,259.9,Deyvison De Los Santos,1B,173.0,-0.911,-0.68,-0.811,-0.55,-0.975,-0.496,-0.462,,,,,,,,,-6.0
429,259.9,Luis Torrens,C,182.0,-0.777,-0.745,-0.779,-0.714,-0.849,-0.446,-0.637,,,,,,,,,-6.08
430,260.0,Oswald Peraza,3B,198.0,-0.737,-0.648,-0.757,-0.045,-0.713,-1.097,-0.965,,,,,,,,,-6.1
431,259.9,Jorge Mateo,2B/SS/ OF,174.0,-0.89,-0.908,-0.885,0.8,-0.966,-0.946,-1.206,,,,,,,,,-6.14
432,259.8,Oswaldo Cabrera,3B,116.0,-1.029,-0.93,-1.038,-0.676,-0.988,-0.196,-0.309,,,,,,,,,-6.35
433,259.9,Zac Veen,OF,82.0,-1.213,-1.06,-1.21,-0.563,-1.136,0.255,-0.265,,,,,,,,,-6.38
434,260.0,Blake Perkins,OF,198.0,-0.766,-0.854,-0.837,0.055,-0.399,-1.047,-1.359,,,,,,,,,-6.4
435,259.9,Henry Davis,C,204.0,-0.709,-0.648,-0.724,-0.487,-0.591,-1.147,-0.921,,,,,,,,,-6.42
436,259.9,Ildemaro Vargas,2B,110.0,-1.139,-1.125,-1.137,-0.714,-1.123,0.756,-0.768,,,,,,,,,-6.45
437,259.2,Enrique Hernandez,1B/3B/ OF,145.0,-0.943,-0.821,-0.896,-0.802,-0.958,-0.596,-0.331,,,,,,,,,-6.57
438,260.0,Leody Taveras,OF,82.0,-1.199,-1.06,-1.195,-0.449,-1.145,-0.045,-0.353,,,,,,,,,-6.69
439,260.0,Kristian Campbell,2B,83.0,-1.192,-1.081,-1.21,-0.739,-1.023,0.255,-0.484,,,,,,,,,-6.73
440,260.0,Rhett Lowder,SP,,,,,,,,,120.0,-0.896,-0.954,-0.826,0.0,0.0,0.284,0.35,-6.76
441,259.9,Eli White,OF,137.0,-1.0,-0.897,-0.994,-0.323,-0.979,-0.546,-0.834,,,,,,,,,-6.85
442,260.0,Adam Frazier,2B/OF,209.0,-0.801,-0.93,-0.837,-0.348,-0.774,-0.496,-1.468,,,,,,,,,-6.95
443,259.9,Johan Rojas,OF,102.0,-1.153,-1.136,-1.173,-0.172,-1.154,0.105,-1.009,,,,,,,,,-6.99
444,259.9,Alex Verdugo,OF,70.0,-1.27,-1.146,-1.276,-0.827,-1.171,0.355,-0.462,,,,,,,,,-7.12
445,259.9,Rowdy Tellez,1B,67.0,-1.277,-0.973,-1.221,-0.853,-1.18,-0.596,0.26,,,,,,,,,-7.17
446,260.0,Thairo Estrada,2B,97.0,-1.167,-1.038,-1.151,-0.676,-1.232,0.055,-0.725,,,,,,,,,-7.29
447,260.0,Jose Suarez,RP,,,,,,,,,32.4,-1.209,0.0,-1.253,-0.67,-0.451,-0.011,0.002,-7.3
448,260.0,Ty France,1B,57.0,-1.341,-1.168,-1.316,-0.865,-1.263,0.455,-0.484,,,,,,,,,-7.35
449,257.5,Andrew Painter,SP,,,,,,,,,113.5,-1.115,-0.788,-0.826,0.0,0.0,0.421,0.451,-7.36
450,260.0,Tommy Pham,OF,70.0,-1.259,-1.103,-1.276,-0.739,-1.119,0.005,-0.528,,,,,,,,,-7.39
451,259.9,Mike Tauchman,OF,113.0,-1.029,-1.006,-1.086,-0.777,-0.744,-0.546,-0.856,,,,,,,,,-7.43
452,259.9,Jerar Encarnacion,OF,127.0,-1.039,-0.81,-1.016,-0.714,-0.91,-0.946,-0.659,,,,,,,,,-7.49
453,260.0,Vimael Machin,2B,65.0,-1.298,-1.157,-1.301,-0.726,-1.184,0.255,-0.768,,,,,,,,,-7.59
454,258.1,Justin Steele,SP,,,,,,,,,75.8,-1.417,-1.239,-1.405,0.0,0.0,-0.215,-0.131,-7.59
455,259.9,Orlando Arcia,2B/SS/ 3B,128.0,-1.043,-0.93,-1.031,-0.79,-0.988,-0.646,-0.79,,,,,,,,,-7.64
456,260.0,Jon Berti,2B,61.0,-1.323,-1.211,-1.334,-0.462,-1.219,0.405,-1.118,,,,,,,,,-7.69
457,260.0,Jon Berti,2B,61.0,-1.323,-1.211,-1.334,-0.462,-1.219,0.405,-1.118,,,,,,,,,-7.69
458,259.8,Endy Rodriguez,1B,50.0,-1.362,-1.168,-1.352,-0.815,-1.224,0.005,-0.353,,,,,,,,,-7.7
459,260.0,Jose Iglesias,SS,66.0,-1.327,-1.211,-1.323,-0.79,-1.263,0.655,-1.074,,,,,,,,,-7.78
460,260.0,Esteury Ruiz,OF,44.0,-1.384,-1.201,-1.385,-0.399,-1.25,-0.045,-0.681,,,,,,,,,-7.8
461,259.3,Wilmer Flores,1B,62.0,-1.298,-1.06,-1.272,-0.865,-1.18,-0.496,-0.222,,,,,,,,,-7.85
462,260.0,Andrew Chafin,RP,,,,,,,,,35.6,-0.913,0.0,-1.136,-0.67,-0.694,0.055,0.38,-7.86
463,259.9,Justin Turner,3B,62.0,-1.295,-1.146,-1.305,-0.84,-1.158,0.055,-0.725,,,,,,,,,-7.88
464,259.9,Jake Rogers,C,174.0,-0.83,-0.68,-0.822,-0.739,-0.748,-1.747,-0.856,,,,,,,,,-7.89
465,260.0,Chas McCormick,OF,100.0,-1.135,-0.984,-1.144,-0.436,-1.01,-0.796,-0.943,,,,,,,,,-7.92
466,259.9,Dylan Moore,2B/OF,130.0,-0.993,-0.865,-1.016,0.055,-0.774,-1.897,-1.009,,,,,,,,,-7.98
467,259.9,Jhonkensy Noel,OF,29.0,-1.44,-1.146,-1.403,-0.878,-1.346,-0.796,0.456,,,,,,,,,-8.05
468,260.0,Jose Miranda,3B,67.0,-1.291,-1.114,-1.272,-0.84,-1.245,-0.246,-0.55,,,,,,,,,-8.06
469,260.0,Jonah Heim,C,103.0,-1.139,-0.973,-1.118,-0.802,-1.067,-0.696,-0.79,,,,,,,,,-8.09
470,260.0,Cooper Criswell,RP,,,,,,,,,39.1,-1.174,0.0,-0.902,-0.67,-0.936,0.141,0.164,-8.14
471,218.3,Hunter Greene,SP,,,,,,,,,67.1,-1.253,-1.452,-1.713,0.0,0.0,-0.073,-0.333,-8.2
472,260.0,Jack Suwinski,OF,78.0,-1.185,-0.908,-1.155,-0.651,-0.997,-1.797,-0.025,,,,,,,,,-8.25
473,260.0,Kris Bryant,DH,45.0,-1.377,-1.157,-1.363,-0.853,-1.254,-0.196,-0.55,,,,,,,,,-8.29
474,260.0,Justin Wilson,RP,,,,,,,,,23.0,-1.543,0.0,-1.839,-0.67,-0.209,-0.148,-0.052,-8.3
475,259.9,DJ LeMahieu,3B,57.0,-1.33,-1.19,-1.341,-0.84,-1.167,0.155,-1.118,,,,,,,,,-8.39
476,259.7,Travis Bazzana,2B,153.0,-0.926,-0.951,-0.994,-0.55,-0.591,-1.547,-1.337,,,,,,,,,-8.47
477,260.0,Elias Diaz,C,98.0,-1.156,-1.016,-1.155,-0.84,-1.115,-0.746,-0.878,,,,,,,,,-8.48
478,259.9,Warming Bernabel,1B,12.0,-1.529,-1.276,-1.509,-0.878,-1.402,0.205,-0.55,,,,,,,,,-8.53
479,259.9,Andrew McCutchen,DH,70.0,-1.238,-1.071,-1.268,-0.827,-1.027,-0.796,-0.725,,,,,,,,,-8.54
480,260.0,Nick Allen,SS,127.0,-1.046,-1.146,-1.122,-0.449,-0.936,-0.496,-1.774,,,,,,,,,-8.56
481,259.9,Dylan Carlson,OF,75.0,-1.238,-1.114,-1.254,-0.726,-1.054,-0.646,-0.943,,,,,,,,,-8.57
482,259.9,Trent Thornton,RP,,,,,,,,,33.0,-1.351,0.0,-1.37,-0.67,-0.33,0.278,0.218,-8.61
483,260.0,Seth Brown,1B/OF,12.0,-1.522,-1.255,-1.498,-0.878,-1.385,-0.796,0.26,,,,,,,,,-8.69
484,259.9,MJ Melendez,OF,85.0,-1.206,-0.962,-1.166,-0.663,-1.075,-1.647,-0.353,,,,,,,,,-8.69
485,260.0,Luis Urias,2B/3B,62.0,-1.298,-1.136,-1.305,-0.815,-1.123,-0.446,-0.965,,,,,,,,,-8.71
486,259.9,Justyn-Henry Malloy,OF,80.0,-1.213,-1.071,-1.235,-0.79,-0.883,-0.996,-0.943,,,,,,,,,-8.76
487,259.9,Heston Kjerstad,OF,27.0,-1.455,-1.211,-1.433,-0.865,-1.341,-0.646,-0.2,,,,,,,,,-8.79
488,259.9,Nacho Alvarez Jr.,3B,78.0,-1.238,-1.179,-1.272,-0.752,-1.093,-0.196,-1.468,,,,,,,,,-8.84
489,260.0,Abraham Toro,1B/3B,12.0,-1.526,-1.276,-1.509,-0.878,-1.389,-0.045,-0.637,,,,,,,,,-8.92
490,260.0,Kyle Hart,RP,,,,,,,,,34.5,-1.351,0.0,-1.136,-0.67,-0.694,0.202,0.353,-9.0
491,259.9,Evan Phillips,RP,,,,,,,,,19.4,-1.726,0.0,-1.956,-0.67,-0.451,-0.148,-0.214,-9.07
492,259.9,Hunter Renfroe,OF,12.0,-1.526,-1.266,-1.502,-0.878,-1.385,-0.646,-0.2,,,,,,,,,-9.1
493,259.9,Taijuan Walker,SP,,,,,,,,,113.3,-1.251,-1.357,-0.941,0.0,0.0,0.479,0.451,-9.15
494,259.9,Bryan De La Cruz,OF,12.0,-1.526,-1.266,-1.506,-0.878,-1.394,-0.496,-0.418,,,,,,,,,-9.19
495,260.0,Chris Taylor,2B,142.0,-1.018,-0.962,-1.045,-0.487,-0.844,-1.647,-1.556,,,,,,,,,-9.29
496,260.0,Nate Eaton,OF,41.0,-1.412,-1.211,-1.4,-0.701,-1.311,-0.496,-1.053,,,,,,,,,-9.32
497,260.0,Joe Jimenez,RP,,,,,,,,,24.6,-1.435,0.0,-1.721,-0.67,-0.936,0.03,-0.214,-9.35
498,260.0,Jett Williams,SS,89.0,-1.206,-1.103,-1.228,-0.512,-0.979,-1.347,-1.271,,,,,,,,,-9.39
499,260.0,Trey Mancini,DH,27.0,-1.465,-1.222,-1.447,-0.865,-1.341,-0.746,-0.659,,,,,,,,,-9.52
500,259.9,Miles Mastrobuoni,3B,34.0,-1.437,-1.266,-1.44,-0.739,-1.259,-0.296,-1.359,,,,,,,,,-9.58
501,260.0,Emmanuel Rivera,3B,12.0,-1.529,-1.287,-1.513,-0.878,-1.389,-0.196,-1.074,,,,,,,,,-9.66
502,260.0,Tom Murphy,C,60.0,-1.323,-1.103,-1.305,-0.802,-1.198,-1.297,-0.856,,,,,,,,,-9.69
503,260.0,Dairon Blanco,OF,27.0,-1.465,-1.244,-1.455,-0.588,-1.341,-0.646,-1.162,,,,,,,,,-9.71
504,259.9,Jorge Lopez,RP,,,,,,,,,33.0,-1.396,0.0,-1.37,-0.67,-0.815,0.253,0.299,-9.81
505,259.9,LaMonte Wade Jr.,1B/OF,12.0,-1.519,-1.266,-1.509,-0.878,-1.35,-0.796,-0.681,,,,,,,,,-9.83
506,259.9,Stuart Fairchild,OF,31.0,-1.448,-1.222,-1.436,-0.752,-1.311,-0.996,-0.856,,,,,,,,,-9.85
507,259.9,Christian Vazquez,C,73.0,-1.281,-1.136,-1.283,-0.79,-1.215,-0.946,-1.446,,,,,,,,,-9.95
508,260.0,Tim Anderson,SS,44.0,-1.423,-1.266,-1.418,-0.777,-1.341,-0.045,-1.862,,,,,,,,,-9.99
509,260.0,Samad Taylor,OF,28.0,-1.458,-1.255,-1.455,-0.726,-1.307,-0.646,-1.293,,,,,,,,,-10.0
510,259.9,Jose Leclerc,RP,,,,,,,,,25.5,-1.44,0.0,-1.721,-0.67,-0.815,0.172,0.137,-10.12
511,260.0,Akil Baddoo,OF,48.0,-1.369,-1.157,-1.367,-0.676,-1.171,-1.497,-1.074,,,,,,,,,-10.21
512,259.9,Shay Whitcomb,3B,28.0,-1.455,-1.201,-1.433,-0.815,-1.333,-1.397,-0.681,,,,,,,,,-10.22
513,260.0,J.D. Davis,1B/3B,12.0,-1.526,-1.266,-1.509,-0.878,-1.381,-0.946,-0.856,,,,,,,,,-10.27
514,260.0,Brandon Drury,2B,12.0,-1.526,-1.276,-1.509,-0.878,-1.389,-0.896,-0.899,,,,,,,,,-10.29
515,259.9,Bobby Miller,RP,,,,,,,,,26.7,-1.484,0.0,-1.604,-0.67,-0.936,0.131,0.245,-10.36
516,260.0,Liover Peguero,SS,12.0,-1.526,-1.276,-1.509,-0.853,-1.394,-0.896,-0.987,,,,,,,,,-10.37
517,259.9,Ji Hwan Bae,SS,12.0,-1.526,-1.298,-1.517,-0.815,-1.376,-0.446,-1.468,,,,,,,,,-10.38
518,260.0,Paul DeJong,2B/SS/ 3B,66.0,-1.313,-1.038,-1.265,-0.802,-1.245,-1.998,-0.834,,,,,,,,,-10.44
519,259.6,Connelly Early,SP,,,,,,,,,64.7,-1.604,-1.855,-1.868,0.0,0.0,-0.179,0.097,-10.71
520,259.9,Derek Law,RP,,,,,,,,,26.4,-1.657,0.0,-1.721,-0.67,-0.815,0.156,0.245,-10.75
521,259.9,Albert Suarez,RP,,,,,,,,,25.7,-1.691,0.0,-1.721,-0.67,-0.936,0.192,0.056,-10.76
522,260.0,Jeimer Candelario,1B/3B,47.0,-1.394,-1.157,-1.367,-0.84,-1.263,-1.747,-1.009,,,,,,,,,-10.78
523,259.9,Jace Jung,3B,48.0,-1.369,-1.168,-1.371,-0.84,-1.141,-1.447,-1.446,,,,,,,,,-10.79
524,259.9,Trey Lipscomb,3B,14.0,-1.526,-1.287,-1.509,-0.853,-1.394,-0.646,-1.621,,,,,,,,,-10.86
525,260.0,Jorge Alfaro,OF,12.0,-1.533,-1.276,-1.509,-0.865,-1.407,-1.047,-1.228,,,,,,,,,-10.89
526,259.9,Luke Jackson,RP,,,,,,,,,25.5,-1.632,0.0,-1.839,-0.67,-0.451,0.283,0.461,-10.9
527,260.0,Tyler Black,1B,15.0,-1.511,-1.266,-1.502,-0.815,-1.341,-1.247,-1.228,,,,,,,,,-10.95
528,260.0,Brandon Williamson,SP,,,,,,,,,82.2,-1.445,-1.76,-1.752,0.0,0.0,0.305,0.198,-11.15
529,259.9,P.J. Higgins,C,12.0,-1.529,-1.287,-1.513,-0.89,-1.394,-1.097,-1.468,,,,,,,,,-11.28
530,259.9,Chad Green,RP,,,,,,,,,25.5,-1.672,0.0,-1.839,-0.67,-0.815,0.43,0.11,-11.31
531,260.0,David Villar,3B,11.0,-1.526,-1.266,-1.509,-0.878,-1.372,-1.697,-1.031,,,,,,,,,-11.4
532,259.9,Jose Siri,OF,13.0,-1.522,-1.255,-1.498,-0.84,-1.385,-2.148,-0.768,,,,,,,,,-11.57
533,260.0,Rene Pinto,C,12.0,-1.526,-1.266,-1.506,-0.878,-1.398,-1.948,-0.921,,,,,,,,,-11.6
534,259.9,Garrett Stubbs,C,35.0,-1.437,-1.233,-1.433,-0.827,-1.289,-1.497,-1.949,,,,,,,,,-11.87
535,259.9,Austin Hedges,C,93.0,-1.213,-1.049,-1.221,-0.714,-1.084,-2.448,-1.949,,,,,,,,,-11.89
536,259.1,Spencer Schwellenbach,SP,,,,,,,,,41.4,-2.153,-2.044,-2.177,0.0,0.0,-0.21,-0.282,-12.02
537,260.0,Jose Herrera,C,22.0,-1.48,-1.266,-1.477,-0.865,-1.32,-1.447,-1.927,,,,,,,,,-12.02
538,259.8,Hunter Strickland,RP,,,,,,,,,30.6,-1.563,0.0,-1.721,-0.67,-0.815,0.709,0.488,-12.19
539,260.0,Cavan Biggio,1B/2B/ 3B/OF,18.0,-1.497,-1.266,-1.491,-0.865,-1.328,-1.647,-1.862,,,,,,,,,-12.23
540,260.0,Ethan Salas,C,13.0,-1.526,-1.287,-1.513,-0.865,-1.381,-1.697,-1.687,,,,,,,,,-12.23
541,259.9,Austin Barnes,C,39.0,-1.419,-1.233,-1.422,-0.815,-1.272,-1.697,-2.168,,,,,,,,,-12.32
542,260.0,Ben Rortvedt,C,33.0,-1.44,-1.244,-1.44,-0.865,-1.276,-1.948,-1.927,,,,,,,,,-12.46
543,260.0,Braden Shewmake,SS,12.0,-1.529,-1.287,-1.513,-0.853,-1.394,-1.897,-1.709,,,,,,,,,-12.51
544,260.0,Jon Singleton,1B,11.0,-1.526,-1.266,-1.509,-0.89,-1.359,-2.248,-1.381,,,,,,,,,-12.51
545,260.0,Jason Delay,C,12.0,-1.533,-1.298,-1.52,-0.878,-1.394,-1.297,-2.299,,,,,,,,,-12.55
546,260.0,T.J. McFarland,RP,,,,,,,,,23.8,-1.982,0.0,-1.956,-0.67,-0.815,0.222,0.542,-12.64
547,260.0,Blake Sabol,C/OF,12.0,-1.533,-1.276,-1.517,-0.865,-1.381,-2.148,-1.731,,,,,,,,,-12.84
548,259.0,Corbin Burnes,SP,,,,,,,,,36.9,-2.245,-2.163,-2.331,0.0,0.0,-0.142,-0.131,-13.21
549,260.0,Javier Assad,SP,,,,,,,,,63.9,-1.823,-2.495,-1.945,0.0,0.0,0.084,0.198,-13.37
550,259.9,Seby Zavala,C,27.0,-1.465,-1.222,-1.455,-0.865,-1.32,-3.199,-1.862,,,,,,,,,-13.99
551,260.0,Kyle Wright,SP,,,,,,,,,30.8,-2.471,-2.66,-1.559,0.0,0.0,-0.058,0.223,-14.0
552,259.8,Alexis Diaz,RP,,,,,,,,,15.3,-2.036,0.0,-2.424,-0.67,-0.936,0.517,0.461,-14.39
553,260.0,Zack Short,2B,11.0,-1.526,-1.276,-1.517,-0.878,-1.359,-2.999,-2.212,,,,,,,,,-14.46
554,260.0,Jordan Montgomery,SP,,,,,,,,,43.7,-2.286,-2.305,-2.331,0.0,0.0,0.132,0.223,-14.87
555,260.0,Antonio Senzatela,SP,,,,,,,,,69.5,-2.104,-2.423,-2.099,0.0,0.0,0.652,0.603,-16.1
556,259.9,Marcus Stroman,SP,,,,,,,,,30.7,-2.568,-2.732,-1.906,0.0,0.0,0.179,0.527,-16.16
557,260.0,Gavin Stone,SP,,,,,,,,,21.7,-2.627,-2.732,-2.717,0.0,0.0,0.0,-0.004,-16.49
558,260.0,Dane Dunning,SP,,,,,,,,,6.2,-2.966,-2.874,-3.103,0.0,0.0,0.216,0.299,-19.32
559,260.0,Bryse Wilson,SP,,,,,,,,,13.0,-2.888,-2.779,-2.987,0.0,0.0,0.763,0.527,-20.31
560,260.0,Triston McKenzie,SP,,,,,,,,,6.2,-2.957,-2.945,-3.142,0.0,0.0,0.447,0.628,-20.67
