Rank,Player,Pos,Tier,YDS,YPC,Rush,REC,TD,YPR,Rec/Tar Game,Points,Team,Bye,ESPN,Rank-ADP,Link
1,Ja'Marr Chase,WR,1,1549.0,5.0,3.0,120.0,12.0,12.8,7.0/10.1,286.8,CIN,10,1.0,0.0,https://www.4for4.com/player/ja'marr-chase
2,Bijan Robinson,RB,1,1964.0,4.8,308.0,62.0,17.0,7.8,3.7/4.6,329.6,ATL,5,2.0,0.0,https://www.4for4.com/player/bijan-robinson
3,Jahmyr Gibbs,RB,1,1690.0,5.4,236.0,49.0,17.0,8.4,2.9/3.8,295.6,DET,8,5.0,-2.0,https://www.4for4.com/player/jahmyr-gibbs
4,CeeDee Lamb,WR,1,1529.0,5.0,14.0,116.0,12.0,12.6,6.8/9.9,282.8,DAL,10,6.0,-2.0,https://www.4for4.com/player/ceedee-lamb
5,Saquon Barkley,RB,1,1862.0,5.4,293.0,36.0,17.0,7.8,2.1/3.0,306.2,PHI,9,3.0,2.0,https://www.4for4.com/player/saquon-barkley
6,Justin Jefferson,WR,1,1626.0,0.0,,107.0,11.0,15.2,6.3/9.8,282.1,MIN,6,4.0,2.0,https://www.4for4.com/player/justin-jefferson
7,Christian McCaffrey,RB,1,1839.0,5.1,253.0,66.0,16.0,8.3,3.9/5.0,313.0,SF,14,7.0,0.0,https://www.4for4.com/player/christian-mccaffrey
8,Malik Nabers,WR,1,1251.0,5.0,7.0,104.0,9.0,11.7,6.1/9.6,231.1,NYG,14,10.0,-2.0,https://www.4for4.com/player/malik-nabers
9,Amon-Ra St. Brown,WR,1,1299.0,5.0,3.0,114.0,11.0,11.2,6.7/9.1,252.9,DET,8,9.0,0.0,https://www.4for4.com/player/amon-ra-st.-brown
10,Puka Nacua,WR,2,1487.0,5.0,15.0,109.0,9.0,12.9,6.4/9.1,257.4,LAR,8,8.0,2.0,https://www.4for4.com/player/puka-nacua
11,Brian Thomas Jr.,WR,2,1407.0,5.0,6.0,97.0,10.0,14.2,5.7/8.5,249.2,JAC,8,16.0,-5.0,https://www.4for4.com/player/brian-thomas-jr.
12,Nico Collins,WR,2,1646.0,0.0,,109.0,10.0,15.1,6.4/9.3,279.1,HOU,6,13.0,-1.0,https://www.4for4.com/player/nico-collins
13,Ashton Jeanty,RB,2,1559.0,4.5,267.0,45.0,13.0,8.0,2.6/3.6,256.3,LV,8,11.0,2.0,https://www.4for4.com/player/ashton-jeanty
14,A.J. Brown,WR,2,1391.0,0.0,,94.0,9.0,14.8,5.5/8.4,240.1,PHI,9,17.0,-3.0,https://www.4for4.com/player/a.j.-brown
15,Derrick Henry,RB,2,1710.0,5.3,293.0,19.0,17.0,8.2,1.1/1.4,282.6,BAL,7,12.0,3.0,https://www.4for4.com/player/derrick-henry
16,Ladd McConkey,WR,2,1245.0,0.0,,96.0,10.0,12.9,5.7/7.9,232.7,LAC,12,29.0,-13.0,https://www.4for4.com/player/ladd-mcconkey
17,De'Von Achane,RB,2,1576.0,4.9,206.0,74.0,14.0,7.7,4.3/5.4,278.4,MIA,12,14.0,3.0,https://www.4for4.com/player/de'von-achane
18,Chase Brown,RB,2,1434.0,4.4,239.0,51.0,13.0,7.5,3.0/3.9,246.9,CIN,10,24.0,-6.0,https://www.4for4.com/player/chase-brown
19,Brock Bowers,TE,2,1170.0,0.0,,107.0,8.0,10.9,6.3/8.6,218.6,LV,8,20.0,-1.0,https://www.4for4.com/player/brock-bowers
20,Drake London,WR,3,1367.0,0.0,,104.0,10.0,13.1,6.1/9.6,248.8,ATL,5,21.0,-1.0,https://www.4for4.com/player/drake-london
21,Trey McBride,TE,3,1087.0,0.0,,107.0,6.0,10.2,6.3/8.5,198.0,ARI,8,25.0,-4.0,https://www.4for4.com/player/trey-mcbride
22,Tee Higgins,WR,3,1194.0,0.0,,94.0,10.0,12.7,5.5/8.7,226.4,CIN,10,26.0,-4.0,https://www.4for4.com/player/tee-higgins
23,Bucky Irving,RB,3,1489.0,4.8,236.0,44.0,12.0,8.1,2.6/3.1,242.9,TB,9,22.0,1.0,https://www.4for4.com/player/bucky-irving
24,Jonathan Taylor,RB,3,1618.0,4.6,303.0,29.0,14.0,7.7,1.7/2.4,260.3,IND,11,15.0,9.0,https://www.4for4.com/player/jonathan-taylor
25,Josh Jacobs,RB,3,1507.0,4.4,279.0,35.0,14.0,8.1,2.0/2.7,252.0,GB,5,18.0,7.0,https://www.4for4.com/player/josh-jacobs
26,Josh Allen,QB,3,4505.0,5.0,99.0,,45.0,0.0,,397.9,BUF,7,19.0,7.0,https://www.4for4.com/player/josh-allen
27,Lamar Jackson,QB,3,4791.0,5.9,129.0,,40.0,0.0,,385.3,BAL,7,23.0,4.0,https://www.4for4.com/player/lamar-jackson
28,Davante Adams,WR,3,1048.0,0.0,,90.0,9.0,11.7,5.3/8.1,203.5,LAR,8,34.0,-6.0,https://www.4for4.com/player/davante-adams
29,Mike Evans,WR,3,1255.0,0.0,,90.0,10.0,13.9,5.3/8.1,230.6,TB,9,40.0,-11.0,https://www.4for4.com/player/mike-evans
30,George Kittle,TE,3,1110.0,0.0,,76.0,7.0,14.6,4.5/6.2,191.0,SF,14,35.0,-5.0,https://www.4for4.com/player/george-kittle
31,Tyreek Hill,WR,3,1205.0,5.0,9.0,93.0,8.0,12.5,5.5/8.1,215.0,MIA,12,31.0,0.0,https://www.4for4.com/player/tyreek-hill
32,James Cook,RB,3,1363.0,4.8,224.0,36.0,15.0,8.0,2.1/2.6,244.3,BUF,7,32.0,0.0,https://www.4for4.com/player/james-cook
33,Omarion Hampton,RB,3,1210.0,4.4,208.0,37.0,10.0,7.9,2.2/2.9,199.6,LAC,12,39.0,-6.0,https://www.4for4.com/player/omarion-hampton
34,Jaxon Smith-Njigba,WR,3,1081.0,5.0,4.0,93.0,8.0,11.4,5.5/8.0,202.6,SEA,8,37.0,-3.0,https://www.4for4.com/player/jaxon-smith-njigba
35,Kyren Williams,RB,4,1269.0,4.0,271.0,33.0,13.0,5.6,1.9/2.4,221.4,LAR,8,30.0,5.0,https://www.4for4.com/player/kyren-williams
36,Jalen Hurts,QB,4,4437.0,4.2,146.0,,40.0,0.0,,382.3,PHI,9,28.0,8.0,https://www.4for4.com/player/jalen-hurts
37,Marvin Harrison Jr.,WR,4,1198.0,0.0,,86.0,9.0,14.0,5.0/8.1,216.6,ARI,8,45.0,-8.0,https://www.4for4.com/player/marvin-harrison-jr.
38,Jayden Daniels,QB,4,4825.0,5.7,138.0,,34.0,0.0,,370.2,WAS,12,27.0,11.0,https://www.4for4.com/player/jayden-daniels
39,Tetairoa McMillan,WR,4,1130.0,4.0,6.0,86.0,8.0,12.9,5.0/8.1,203.9,CAR,14,75.0,-36.0,https://www.4for4.com/player/tetairoa-mcmillan
40,Xavier Worthy,WR,4,970.0,5.0,19.0,76.0,10.0,11.5,4.5/7.1,195.1,KC,10,50.0,-10.0,https://www.4for4.com/player/xavier-worthy
41,Terry Mclaurin,WR,4,1133.0,0.0,,86.0,9.0,13.2,5.0/7.6,210.2,WAS,12,36.0,5.0,https://www.4for4.com/player/terry-mclaurin
42,Courtland Sutton,WR,4,1149.0,0.0,,87.0,10.0,13.2,5.1/8.0,218.4,DEN,12,57.0,-15.0,https://www.4for4.com/player/courtland-sutton
43,Breece Hall,RB,4,1175.0,4.3,166.0,56.0,9.0,8.2,3.3/4.4,199.6,NYJ,9,51.0,-8.0,https://www.4for4.com/player/breece-hall
44,George Pickens,WR,4,1230.0,4.0,2.0,77.0,8.0,15.8,4.6/7.6,209.7,DAL,10,64.0,-20.0,https://www.4for4.com/player/george-pickens
45,TreVeyon Henderson,RB,4,1229.0,4.4,216.0,35.0,10.0,7.9,2.1/2.8,200.5,NE,14,49.0,-4.0,https://www.4for4.com/player/treveyon-henderson
46,Jameson Williams,WR,4,1216.0,5.0,10.0,75.0,8.0,15.5,4.4/7.0,207.1,DET,8,66.0,-20.0,https://www.4for4.com/player/jameson-williams
47,Calvin Ridley,WR,4,1196.0,4.0,9.0,80.0,9.0,14.6,4.7/8.2,213.4,TEN,10,61.0,-14.0,https://www.4for4.com/player/calvin-ridley
48,DJ Moore,WR,5,1116.0,5.0,10.0,100.0,7.0,10.7,5.9/8.5,203.4,CHI,5,53.0,-5.0,https://www.4for4.com/player/dj-moore
49,Garrett Wilson,WR,5,964.0,4.0,4.0,85.0,7.0,11.1,5.0/7.8,181.2,NYJ,9,42.0,7.0,https://www.4for4.com/player/garrett-wilson
50,Kenneth Walker III,RB,5,1402.0,4.0,251.0,51.0,12.0,7.8,3.0/3.8,237.7,SEA,8,44.0,6.0,https://www.4for4.com/player/kenneth-walker-iii
51,Devonta Smith,WR,5,1033.0,0.0,,82.0,8.0,12.6,4.8/6.8,192.3,PHI,9,62.0,-11.0,https://www.4for4.com/player/devonta-smith
52,Jaylen Waddle,WR,5,1053.0,4.0,3.0,79.0,6.0,13.1,4.7/7.0,181.0,MIA,12,65.0,-13.0,https://www.4for4.com/player/jaylen-waddle
53,DK Metcalf,WR,5,1040.0,0.0,,77.0,7.0,13.5,4.5/7.8,184.5,PIT,5,47.0,6.0,https://www.4for4.com/player/dk-metcalf
54,Zay Flowers,WR,5,1054.0,6.0,9.0,75.0,6.0,13.3,4.4/6.8,179.1,BAL,7,55.0,-1.0,https://www.4for4.com/player/zay-flowers
55,Alvin Kamara,RB,5,1273.0,4.1,188.0,67.0,7.0,7.5,3.9/5.4,202.8,NO,11,38.0,17.0,https://www.4for4.com/player/alvin-kamara
56,Chuba Hubbard,RB,5,1220.0,4.3,233.0,42.0,9.0,5.2,2.5/3.1,197.0,CAR,14,41.0,15.0,https://www.4for4.com/player/chuba-hubbard
57,Travis Hunter,WR,5,914.0,4.0,9.0,77.0,6.0,11.4,4.5/6.8,166.0,JAC,8,73.0,-16.0,https://www.4for4.com/player/travis-hunter
58,Sam Laporta,TE,5,774.0,0.0,,71.0,7.0,10.9,4.2/5.9,154.9,DET,8,48.0,10.0,https://www.4for4.com/player/sam-laporta
59,James Conner,RB,5,1370.0,4.5,233.0,41.0,13.0,7.9,2.4/2.9,235.3,ARI,8,46.0,13.0,https://www.4for4.com/player/james-conner
60,Emeka Egbuka,WR,5,827.0,4.9,5.0,71.0,7.0,11.3,4.2/6.6,160.2,TB,9,88.0,-28.0,https://www.4for4.com/player/emeka-egbuka
61,Joe Burrow,QB,5,4737.0,3.9,39.0,,38.0,0.0,,336.6,CIN,10,33.0,28.0,https://www.4for4.com/player/joe-burrow
62,Rashee Rice,WR,6,719.0,4.0,3.0,58.0,6.0,12.1,5.3/7.6,137.0,KC,10,60.0,2.0,https://www.4for4.com/player/rashee-rice
63,Tony Pollard,RB,6,1121.0,4.2,204.0,44.0,7.0,6.0,2.6/3.5,176.1,TEN,10,70.0,-7.0,https://www.4for4.com/player/tony-pollard
64,Rome Odunze,WR,6,1076.0,5.0,4.0,74.0,6.0,14.2,4.4/7.4,180.7,CHI,5,76.0,-12.0,https://www.4for4.com/player/rome-odunze
65,RJ Harvey,RB,6,860.0,4.4,156.0,26.0,10.0,6.8,1.5/2.0,158.7,DEN,12,74.0,-9.0,https://www.4for4.com/player/rj-harvey
66,Chris Olave,WR,6,1084.0,0.0,,84.0,5.0,12.9,4.9/7.7,180.4,NO,11,84.0,-18.0,https://www.4for4.com/player/chris-olave
67,Jerry Jeudy,WR,6,1145.0,0.0,,87.0,7.0,13.1,5.1/8.3,200.2,CLE,9,67.0,0.0,https://www.4for4.com/player/jerry-jeudy
68,Jakobi Meyers,WR,6,1048.0,0.0,,91.0,6.0,11.5,5.4/8.0,186.3,LV,8,82.0,-14.0,https://www.4for4.com/player/jakobi-meyers
69,Stefon Diggs,WR,6,792.0,0.0,,75.0,7.0,10.5,5.4/7.9,158.9,NE,14,86.0,-17.0,https://www.4for4.com/player/stefon-diggs
70,Ricky Pearsall,WR,6,852.0,5.0,3.0,64.0,4.0,13.1,3.7/5.9,141.1,SF,14,102.0,-32.0,https://www.4for4.com/player/ricky-pearsall
71,David Montgomery,RB,6,1024.0,4.2,194.0,26.0,12.0,8.1,1.5/1.9,187.4,DET,8,59.0,12.0,https://www.4for4.com/player/david-montgomery
72,Matthew Golden,WR,6,698.0,0.0,,60.0,5.0,11.6,3.5/5.5,129.9,GB,5,81.0,-9.0,https://www.4for4.com/player/matthew-golden
73,Deebo Samuel Sr.,WR,6,1047.0,4.0,34.0,66.0,7.0,13.8,3.9/6.1,179.7,WAS,12,95.0,-22.0,https://www.4for4.com/player/deebo-samuel-sr.
74,Jayden Reed,WR,6,1045.0,8.0,14.0,68.0,7.0,13.8,4.2/6.0,180.4,GB,5,125.0,-51.0,https://www.4for4.com/player/jayden-reed
75,T.J. Hockenson,TE,6,902.0,0.0,,87.0,5.0,10.4,5.1/7.4,163.6,MIN,6,56.0,19.0,https://www.4for4.com/player/t.j.-hockenson
76,D'Andre Swift,RB,6,1191.0,4.2,207.0,43.0,8.0,7.5,2.5/3.1,188.6,CHI,5,54.0,22.0,https://www.4for4.com/player/d'andre-swift
77,Mark Andrews,TE,6,739.0,0.0,,62.0,8.0,12.0,3.6/4.8,152.7,BAL,7,72.0,5.0,https://www.4for4.com/player/mark-andrews
78,Josh Downs,WR,6,841.0,0.0,,76.0,5.0,11.1,4.5/7.3,152.0,IND,11,137.0,-59.0,https://www.4for4.com/player/josh-downs
79,Jordan Addison,WR,6,859.0,5.0,3.0,63.0,8.0,13.3,4.5/7.0,165.6,MIN,6,108.0,-29.0,https://www.4for4.com/player/jordan-addison
80,Travis Kelce,TE,6,728.0,0.0,,76.0,6.0,9.6,4.5/6.2,146.9,KC,10,58.0,22.0,https://www.4for4.com/player/travis-kelce
81,Jaylen Warren,RB,6,1212.0,4.5,184.0,50.0,8.0,7.7,2.9/3.8,194.1,PIT,5,85.0,-4.0,https://www.4for4.com/player/jaylen-warren
82,Isiah Pacheco,RB,6,1120.0,4.4,205.0,33.0,8.0,6.6,1.9/2.5,176.5,KC,10,63.0,19.0,https://www.4for4.com/player/isiah-pacheco
83,Jordan Mason,RB,7,913.0,4.7,158.0,21.0,7.0,8.1,1.2/1.6,143.8,MIN,6,124.0,-41.0,https://www.4for4.com/player/jordan-mason
84,Tyrone Tracy Jr.,RB,7,1058.0,4.5,186.0,29.0,7.0,7.6,1.7/2.4,162.3,NYG,14,80.0,4.0,https://www.4for4.com/player/tyrone-tracy-jr.
85,Khalil Shakir,WR,7,860.0,5.0,2.0,73.0,7.0,11.6,4.6/6.3,164.7,BUF,7,106.0,-21.0,https://www.4for4.com/player/khalil-shakir
86,Michael Pittman Jr.,WR,7,856.0,0.0,,75.0,5.0,11.4,4.4/7.2,153.1,IND,11,90.0,-4.0,https://www.4for4.com/player/michael-pittman-jr.
87,Baker Mayfield,QB,7,4695.0,4.6,55.0,,36.0,0.0,,333.0,TB,9,52.0,35.0,https://www.4for4.com/player/baker-mayfield
88,Brock Purdy,QB,7,4846.0,4.5,58.0,,32.0,0.0,,327.5,SF,14,79.0,9.0,https://www.4for4.com/player/brock-purdy
89,Justin Fields,QB,7,4180.0,4.9,146.0,,30.0,0.0,,326.1,NYJ,9,118.0,-29.0,https://www.4for4.com/player/justin-fields
90,Kyler Murray,QB,7,4477.0,6.7,72.0,,30.0,0.0,,322.0,ARI,8,77.0,13.0,https://www.4for4.com/player/kyler-murray
91,Jauan Jennings,WR,7,980.0,0.0,,74.0,6.0,13.2,4.4/7.0,171.1,SF,14,115.0,-24.0,https://www.4for4.com/player/jauan-jennings
92,Evan Engram,TE,7,633.0,0.0,,78.0,5.0,8.1,4.6/6.4,132.3,DEN,12,78.0,14.0,https://www.4for4.com/player/evan-engram
93,Darnell Mooney,WR,7,1028.0,0.0,,71.0,6.0,14.4,4.2/6.9,174.5,ATL,5,136.0,-43.0,https://www.4for4.com/player/darnell-mooney
94,Cooper Kupp,WR,7,869.0,4.0,2.0,74.0,6.0,11.6,4.4/6.5,160.0,SEA,8,83.0,11.0,https://www.4for4.com/player/cooper-kupp
95,Kaleb Johnson,RB,8,926.0,4.3,178.0,21.0,8.0,7.6,1.2/1.7,151.2,PIT,5,93.0,2.0,https://www.4for4.com/player/kaleb-johnson
96,Keon Coleman,WR,8,738.0,0.0,,44.0,5.0,16.6,2.6/4.6,126.0,BUF,7,112.0,-16.0,https://www.4for4.com/player/keon-coleman
97,Bo Nix,QB,8,4522.0,4.5,98.0,,35.0,0.0,,339.3,DEN,12,68.0,29.0,https://www.4for4.com/player/bo-nix
98,Travis Etienne Jr.,RB,8,68.0,3.9,12.0,3.0,,7.2,2.8/0.0,0.0,JAC,8,117.0,-19.0,https://www.4for4.com/player/travis-etienne-jr.
99,Tucker Kraft,TE,8,860.0,0.0,,69.0,5.0,12.5,4.0/5.5,150.4,GB,5,107.0,-8.0,https://www.4for4.com/player/tucker-kraft
100,Jake Ferguson,TE,8,804.0,0.0,,76.0,5.0,10.6,4.5/6.4,148.3,DAL,10,132.0,-32.0,https://www.4for4.com/player/jake-ferguson
101,Tyler Warren,TE,8,734.0,0.0,15.0,66.0,6.0,10.2,3.9/5.8,142.2,IND,11,87.0,14.0,https://www.4for4.com/player/tyler-warren
102,Jacory Croskey-Merritt,RB,8,584.0,4.1,108.0,25.0,5.0,5.9,1.5/1.9,100.8,WAS,12,91.0,11.0,https://www.4for4.com/player/jacory-croskey-merritt
103,Zach Charbonnet,RB,8,824.0,4.2,130.0,37.0,6.0,7.5,2.2/2.8,136.9,SEA,8,135.0,-32.0,https://www.4for4.com/player/zach-charbonnet
104,Colston Loveland,TE,8,611.0,0.0,,62.0,4.0,9.8,3.7/5.2,116.2,CHI,5,111.0,-7.0,https://www.4for4.com/player/colston-loveland
105,Caleb Williams,QB,8,4610.0,5.8,78.0,,29.0,0.0,,315.6,CHI,5,109.0,-4.0,https://www.4for4.com/player/caleb-williams
106,David Njoku,TE,8,738.0,0.0,,79.0,5.0,9.4,4.6/6.8,143.1,CLE,9,71.0,35.0,https://www.4for4.com/player/david-njoku
107,Cam Skattebo,RB,8,1029.0,4.4,173.0,35.0,7.0,7.7,2.0/2.7,162.3,NYG,14,113.0,-6.0,https://www.4for4.com/player/cam-skattebo
108,Dak Prescott,QB,8,4654.0,4.4,42.0,,35.0,0.0,,323.2,DAL,10,101.0,7.0,https://www.4for4.com/player/dak-prescott
109,Drake Maye,QB,8,4428.0,5.9,83.0,,31.0,0.0,,320.5,NE,14,131.0,-22.0,https://www.4for4.com/player/drake-maye
110,Dalton Kincaid,TE,8,556.0,0.0,,58.0,5.0,9.6,3.4/5.0,114.6,BUF,7,127.0,-17.0,https://www.4for4.com/player/dalton-kincaid
111,J.K. Dobbins,RB,8,813.0,4.3,149.0,28.0,9.0,6.2,1.6/2.2,149.1,DEN,12,100.0,11.0,https://www.4for4.com/player/j.k.-dobbins
112,Rashid Shaheed,WR,8,988.0,5.0,9.0,61.0,4.0,15.5,3.6/6.4,153.3,NO,11,129.0,-17.0,https://www.4for4.com/player/rashid-shaheed
113,Dallas Goedert,TE,8,668.0,0.0,,63.0,5.0,10.6,3.7/4.9,128.3,PHI,9,130.0,-17.0,https://www.4for4.com/player/dallas-goedert
114,Christian Kirk,WR,8,992.0,0.0,,73.0,5.0,13.6,4.3/6.7,165.7,HOU,6,175.0,-61.0,https://www.4for4.com/player/christian-kirk
115,Justin Herbert,QB,8,4732.0,4.5,73.0,,32.0,0.0,,323.0,LAC,12,89.0,26.0,https://www.4for4.com/player/justin-herbert
116,Bhayshul Tuten,RB,8,511.0,4.1,91.0,19.0,4.0,7.2,1.1/1.6,84.6,JAC,8,173.0,-57.0,https://www.4for4.com/player/bhayshul-tuten
117,Keenan Allen,WR,8,796.0,0.0,,74.0,6.0,10.7,4.4/6.5,152.8,LAC,12,121.0,-4.0,https://www.4for4.com/player/keenan-allen
118,Jared Goff,QB,9,4408.0,1.4,31.0,,33.0,0.0,,294.9,DET,8,119.0,-1.0,https://www.4for4.com/player/jared-goff
119,J.J. McCarthy,QB,9,4540.0,4.1,44.0,,31.0,0.0,,300.4,MIN,6,134.0,-15.0,https://www.4for4.com/player/j.j.-mccarthy
120,Jayden Higgins,WR,9,455.0,3.0,3.0,39.0,3.0,11.3,2.3/3.8,83.2,HOU,6,138.0,-18.0,https://www.4for4.com/player/jayden-higgins
121,Javonte Williams,RB,9,783.0,3.9,153.0,30.0,6.0,6.2,1.8/2.4,129.3,DAL,10,105.0,16.0,https://www.4for4.com/player/javonte-williams
122,Rhamondre Stevenson,RB,9,684.0,3.9,141.0,24.0,6.0,5.6,1.4/1.9,116.4,NE,14,110.0,12.0,https://www.4for4.com/player/rhamondre-stevenson
123,Trevor Lawrence,QB,9,4374.0,4.9,59.0,,31.0,0.0,,306.3,JAC,8,170.0,-47.0,https://www.4for4.com/player/trevor-lawrence
124,Jordan Love,QB,9,4608.0,4.5,47.0,,32.0,0.0,,309.0,GB,5,133.0,-9.0,https://www.4for4.com/player/jordan-love
125,Luther Burden III,WR,9,580.0,4.0,6.0,52.0,4.0,10.7,3.1/4.8,108.0,CHI,5,186.0,-61.0,https://www.4for4.com/player/luther-burden-iii
126,C.J. Stroud,QB,9,4470.0,4.6,51.0,,30.0,0.0,,302.9,HOU,6,142.0,-16.0,https://www.4for4.com/player/c.j.-stroud
127,Rashod Bateman,WR,9,737.0,0.0,,46.0,6.0,15.9,2.7/4.5,132.9,BAL,7,176.0,-49.0,https://www.4for4.com/player/rashod-bateman
128,Austin Ekeler,RB,9,965.0,4.3,127.0,48.0,5.0,8.7,2.8/3.6,150.6,WAS,12,99.0,29.0,https://www.4for4.com/player/austin-ekeler
129,Braelon Allen,RB,9,670.0,3.9,117.0,28.0,6.0,7.6,1.7/2.4,117.0,NYJ,9,159.0,-30.0,https://www.4for4.com/player/braelon-allen
130,Jaydon Blue,RB,9,659.0,4.0,127.0,22.0,5.0,6.8,1.3/1.8,106.9,DAL,10,156.0,-26.0,https://www.4for4.com/player/jaydon-blue
131,Marquise Brown,WR,9,630.0,0.0,,59.0,5.0,10.6,3.5/5.8,122.7,KC,10,171.0,-40.0,https://www.4for4.com/player/marquise-brown
132,Joshua Palmer,WR,9,752.0,0.0,,52.0,5.0,14.5,3.1/5.0,131.1,BUF,7,,,https://www.4for4.com/player/joshua-palmer
133,Marvin Mims Jr.,WR,9,923.0,4.0,15.0,66.0,6.0,13.1,3.9/5.5,161.2,DEN,12,167.0,-34.0,https://www.4for4.com/player/marvin-mims-jr.
134,Tyjae Spears,RB,9,926.0,4.0,156.0,41.0,5.0,7.4,2.4/3.1,143.0,TEN,10,147.0,-13.0,https://www.4for4.com/player/tyjae-spears
135,Tank Bigsby,RB,9,700.0,4.2,153.0,8.0,6.0,6.9,0.5/0.7,110.1,JAC,8,128.0,7.0,https://www.4for4.com/player/tank-bigsby
136,Tyler Allgeier,RB,9,566.0,4.2,112.0,12.0,5.0,7.6,0.7/0.9,92.8,ATL,5,164.0,-28.0,https://www.4for4.com/player/tyler-allgeier
137,Quinshon Judkins,RB,9,667.0,4.3,123.0,20.0,4.0,7.1,1.4/1.9,100.5,CLE,9,123.0,14.0,https://www.4for4.com/player/quinshon-judkins
138,Romeo Doubs,WR,9,743.0,0.0,,59.0,6.0,12.6,3.5/5.2,139.8,GB,5,,,https://www.4for4.com/player/romeo-doubs
139,Brandon Aiyuk,WR,9,474.0,0.0,,41.0,3.0,11.5,3.8/6.2,86.0,SF,14,163.0,-24.0,https://www.4for4.com/player/brandon-aiyuk
140,Zach Ertz,TE,9,457.0,0.0,,54.0,3.0,8.4,3.2/4.8,90.8,WAS,12,155.0,-15.0,https://www.4for4.com/player/zach-ertz
141,Rachaad White,RB,9,726.0,4.0,107.0,38.0,5.0,7.8,2.4/2.8,121.8,TB,9,145.0,-4.0,https://www.4for4.com/player/rachaad-white
142,Tua Tagovailoa,QB,9,4268.0,2.7,29.0,,29.0,0.0,,275.4,MIA,12,166.0,-24.0,https://www.4for4.com/player/tua-tagovailoa
143,Trey Benson,RB,9,620.0,4.4,111.0,16.0,4.0,8.2,0.9/1.2,94.0,ARI,8,153.0,-10.0,https://www.4for4.com/player/trey-benson
144,Cam Ward,QB,9,4140.0,3.4,65.0,,26.0,0.0,,269.0,TEN,10,172.0,-28.0,https://www.4for4.com/player/cam-ward
145,Dylan Sampson,RB,10,569.0,4.1,108.0,18.0,4.0,7.0,1.1/1.4,89.9,CLE,9,,,https://www.4for4.com/player/dylan-sampson
146,Denver Broncos,DST,10,,0.0,,,,0.0,,177.0,DST,12,97.0,49.0,https://www.4for4.com/player/denver-broncos
147,Michael Penix Jr.,QB,10,4497.0,2.4,34.0,,31.0,0.0,,294.8,ATL,5,177.0,-30.0,https://www.4for4.com/player/michael-penix-jr.
148,Cedric Tillman,WR,10,732.0,0.0,,65.0,5.0,11.2,3.8/6.4,135.9,CLE,9,168.0,-20.0,https://www.4for4.com/player/cedric-tillman
149,Kyle Williams,WR,10,411.0,0.0,,35.0,3.0,11.9,2.0/3.2,76.4,NE,14,,,https://www.4for4.com/player/kyle-williams
150,Brandon Aubrey,K,10,,0.0,,,,0.0,,184.0,DAL,10,104.0,46.0,https://www.4for4.com/player/brandon-aubrey
151,Hunter Henry,TE,10,704.0,0.0,,71.0,5.0,9.9,4.2/6.1,135.9,NE,14,157.0,-6.0,https://www.4for4.com/player/hunter-henry
152,Adam Thielen,WR,10,834.0,0.0,,76.0,5.0,11.0,4.5/6.0,151.3,MIN,6,150.0,2.0,https://www.4for4.com/player/adam-thielen
153,Ray Davis,RB,10,621.0,4.1,121.0,15.0,5.0,8.2,0.9/1.2,99.8,BUF,7,191.0,-38.0,https://www.4for4.com/player/ray-davis
154,Brenton Strange,TE,10,657.0,0.0,,71.0,5.0,9.2,4.2/6.2,131.4,JAC,8,217.0,-63.0,https://www.4for4.com/player/brenton-strange
155,Wan'dale Robinson,WR,10,701.0,6.0,5.0,79.0,5.0,8.5,4.6/6.8,139.6,NYG,14,174.0,-19.0,https://www.4for4.com/player/wan'dale-robinson
156,Bryce Young,QB,10,4039.0,6.1,61.0,,32.0,0.0,,303.9,CAR,14,190.0,-34.0,https://www.4for4.com/player/bryce-young
157,Nick Chubb,RB,10,670.0,4.1,142.0,13.0,5.0,6.3,0.8/1.1,103.5,HOU,6,148.0,9.0,https://www.4for4.com/player/nick-chubb
158,Geno Smith,QB,10,4644.0,4.5,56.0,,30.0,0.0,,306.9,LV,8,205.0,-47.0,https://www.4for4.com/player/geno-smith
159,Jonnu Smith,TE,11,690.0,0.0,,68.0,5.0,10.2,4.0/5.2,132.8,PIT,5,182.0,-23.0,https://www.4for4.com/player/jonnu-smith
160,Chris Rodriguez Jr.,RB,11,494.0,4.3,105.0,7.0,5.0,6.0,0.4/0.6,82.9,WAS,12,,,https://www.4for4.com/player/chris-rodriguez-jr.
161,Xavier Legette,WR,11,540.0,4.0,7.0,47.0,4.0,10.8,2.8/4.6,101.7,CAR,14,158.0,3.0,https://www.4for4.com/player/xavier-legette
162,Pittsburgh Steelers,DST,11,,0.0,,,,0.0,,168.0,DST,5,92.0,70.0,https://www.4for4.com/player/pittsburgh-steelers
163,Demario Douglas,WR,11,675.0,5.0,4.0,65.0,4.0,10.0,3.9/5.6,124.2,NE,14,,,https://www.4for4.com/player/demario-douglas
164,Dyami Brown,WR,11,582.0,0.0,,52.0,2.0,11.1,3.1/4.8,96.4,JAC,8,,,https://www.4for4.com/player/dyami-brown
165,Brian Robinson Jr.,RB,11,562.0,4.4,93.0,19.0,4.0,8.1,1.1/1.4,89.6,SF,14,154.0,11.0,https://www.4for4.com/player/brian-robinson-jr.
166,Isaiah Likely,TE,11,562.0,0.0,,46.0,5.0,12.2,3.1/4.3,109.3,BAL,7,199.0,-33.0,https://www.4for4.com/player/isaiah-likely
167,Dont'e Thornton Jr.,WR,11,,,,,,,,,LV,8,,,https://www.4for4.com/player/dont'e-thornton-jr.
168,Rico Dowdle,RB,11,575.0,4.2,101.0,21.0,5.0,7.1,1.2/1.8,98.0,CAR,14,,,https://www.4for4.com/player/rico-dowdle
169,Roschon Johnson,RB,11,495.0,3.7,98.0,21.0,6.0,6.3,1.2/1.5,96.1,CHI,5,,,https://www.4for4.com/player/roschon-johnson
170,Jalen Coker,WR,11,519.0,0.0,,43.0,4.0,12.0,2.5/4.0,97.5,CAR,14,,,https://www.4for4.com/player/jalen-coker
171,Baltimore Ravens,DST,11,,0.0,,,,0.0,,147.0,DST,7,116.0,55.0,https://www.4for4.com/player/baltimore-ravens
172,Cade Otton,TE,11,545.0,0.0,,55.0,4.0,9.9,3.2/4.8,106.0,TB,9,189.0,-17.0,https://www.4for4.com/player/cade-otton
173,Philadelphia Eagles,DST,11,,0.0,,,,0.0,,156.0,DST,9,126.0,47.0,https://www.4for4.com/player/philadelphia-eagles
174,Keaton Mitchell,RB,11,634.0,4.8,74.0,31.0,4.0,9.0,1.8/2.2,103.0,BAL,7,,,https://www.4for4.com/player/keaton-mitchell
175,Mike Gesicki,TE,11,437.0,0.0,,48.0,5.0,9.1,2.8/4.2,97.7,CIN,10,,,https://www.4for4.com/player/mike-gesicki
176,Will Shipley,RB,11,396.0,4.3,73.0,10.0,3.0,8.2,0.6/0.8,62.6,PHI,9,219.0,-43.0,https://www.4for4.com/player/will-shipley
177,Jake Bates,K,11,,0.0,,,,0.0,,165.0,DET,8,103.0,74.0,https://www.4for4.com/player/jake-bates
178,Tory Horton,WR,11,467.0,3.0,2.0,40.0,4.0,11.6,2.3/3.6,90.7,SEA,8,370.0,-192.0,https://www.4for4.com/player/tory-horton
179,Chig Okonkwo,TE,11,555.0,0.0,,59.0,4.0,9.4,3.5/5.1,109.1,TEN,10,,,https://www.4for4.com/player/chig-okonkwo
180,Matthew Stafford,QB,11,4260.0,1.6,26.0,,28.0,0.0,,272.9,LAR,8,165.0,15.0,https://www.4for4.com/player/matthew-stafford
181,Ray-Ray McCloud III,WR,11,520.0,0.0,,55.0,3.0,9.4,3.3/4.8,97.7,ATL,5,,,https://www.4for4.com/player/ray-ray-mccloud-iii
182,Alec Pierce,WR,11,621.0,0.0,,35.0,4.0,17.7,2.1/3.8,103.7,IND,11,,,https://www.4for4.com/player/alec-pierce
183,Sam Darnold,QB,11,3927.0,3.0,54.0,,26.0,0.0,,254.8,SEA,8,201.0,-18.0,https://www.4for4.com/player/sam-darnold
184,Michael Wilson,WR,11,576.0,0.0,,47.0,4.0,12.3,2.8/4.2,105.0,ARI,8,,,https://www.4for4.com/player/michael-wilson
185,Jerome Ford,RB,11,777.0,4.4,126.0,34.0,5.0,6.5,2.0/2.6,124.8,CLE,9,161.0,24.0,https://www.4for4.com/player/jerome-ford
186,Najee Harris,RB,11,590.0,4.0,113.0,20.0,5.0,6.8,1.4/1.8,99.1,LAC,12,169.0,17.0,https://www.4for4.com/player/najee-harris
187,Woody Marks,RB,12,468.0,4.1,62.0,28.0,3.0,7.6,1.7/2.2,78.9,HOU,6,,,https://www.4for4.com/player/woody-marks
188,Blake Corum,RB,12,514.0,4.0,104.0,13.0,4.0,7.5,0.8/1.0,82.0,LAR,8,,,https://www.4for4.com/player/blake-corum
189,Daniel Jones,QB,12,2569.0,5.0,67.0,,18.0,0.0,,187.1,IND,11,,,https://www.4for4.com/player/daniel-jones
190,Isaac Guerendo,RB,12,338.0,4.5,59.0,9.0,2.0,8.0,0.5/0.7,50.3,SF,14,243.0,-53.0,https://www.4for4.com/player/isaac-guerendo
191,Jaylin Noel,WR,12,308.0,3.0,2.0,25.0,2.0,11.9,1.5/2.5,55.6,HOU,6,,,https://www.4for4.com/player/jaylin-noel
192,Kayshon Boutte,WR,12,561.0,0.0,,48.0,3.0,11.6,2.8/4.4,98.3,NE,14,,,https://www.4for4.com/player/kayshon-boutte
193,Dalton Schultz,TE,12,543.0,0.0,,53.0,4.0,10.3,3.1/4.6,104.6,HOU,6,461.0,-268.0,https://www.4for4.com/player/dalton-schultz
194,DeAndre Hopkins,WR,12,388.0,0.0,,34.0,4.0,11.4,2.0/3.2,79.8,BAL,7,,,https://www.4for4.com/player/deandre-hopkins
195,Ollie Gordon II,RB,12,372.0,4.1,73.0,11.0,3.0,6.8,0.6/0.9,60.5,MIA,12,200.0,-5.0,https://www.4for4.com/player/ollie-gordon-ii
196,Darren Waller,TE,12,635.0,0.0,,57.0,5.0,11.2,3.3/4.9,121.8,MIA,12,179.0,17.0,https://www.4for4.com/player/darren-waller
197,DJ Giddens,RB,12,290.0,4.1,49.0,12.0,2.0,7.2,0.7/0.9,47.1,IND,11,,,https://www.4for4.com/player/dj-giddens
198,Darius Slayton,WR,12,751.0,0.0,,54.0,4.0,13.8,3.2/5.8,126.4,NYG,14,,,https://www.4for4.com/player/darius-slayton
199,Aaron Rodgers,QB,12,4132.0,4.3,19.0,,29.0,0.0,,274.2,PIT,5,192.0,7.0,https://www.4for4.com/player/aaron-rodgers
200,Andrei Iosivas,WR,12,497.0,0.0,,42.0,4.0,11.8,2.5/4.1,94.7,CIN,10,,,https://www.4for4.com/player/andrei-iosivas
201,Cameron Dicker,K,12,,0.0,,,,0.0,,167.0,LAC,12,120.0,81.0,https://www.4for4.com/player/cameron-dicker
202,Jordan Whittington,WR,12,505.0,5.0,3.0,43.0,3.0,11.3,2.5/3.9,90.1,LAR,8,,,https://www.4for4.com/player/jordan-whittington
203,Mason Taylor,TE,12,598.0,0.0,,57.0,4.0,10.5,3.3/4.9,112.2,NYJ,9,,,https://www.4for4.com/player/mason-taylor
204,Troy Franklin,WR,12,381.0,0.0,,37.0,3.0,10.2,2.2/4.0,74.8,DEN,12,,,https://www.4for4.com/player/troy-franklin
205,Adonai Mitchell,WR,12,376.0,4.0,3.0,27.0,2.0,13.4,1.6/3.1,63.1,IND,11,,,https://www.4for4.com/player/adonai-mitchell
206,Jarquez Hunter,RB,12,230.0,4.4,42.0,6.0,1.0,6.9,0.4/0.5,32.3,LAR,8,,,https://www.4for4.com/player/jarquez-hunter
207,Pat Freiermuth,TE,13,466.0,0.0,,48.0,4.0,9.8,2.8/4.1,94.3,PIT,5,198.0,9.0,https://www.4for4.com/player/pat-freiermuth
208,Isaac TeSlaa,WR,13,227.0,0.0,,20.0,1.0,11.5,1.2/1.9,38.6,DET,8,216.0,-8.0,https://www.4for4.com/player/isaac-teslaa
209,San Francisco 49ers,DST,13,,0.0,,,,0.0,,133.0,DST,14,185.0,24.0,https://www.4for4.com/player/san-francisco-49ers
210,Olamide Zaccheaus,WR,13,270.0,0.0,,22.0,1.0,12.4,1.3/2.0,43.9,CHI,5,305.0,-95.0,https://www.4for4.com/player/olamide-zaccheaus
211,Chris Boswell,K,13,,0.0,,,,0.0,,177.0,PIT,5,146.0,65.0,https://www.4for4.com/player/chris-boswell
212,Keandre Lambert-Smith,WR,13,255.0,0.0,,18.0,1.0,14.3,1.0/1.6,40.4,LAC,12,272.0,-60.0,https://www.4for4.com/player/keandre-lambert-smith
213,Joe Mixon,RB,13,735.0,4.1,133.0,24.0,6.0,7.8,2.2/2.8,121.7,HOU,6,98.0,115.0,https://www.4for4.com/player/joe-mixon
214,Pat Bryant,WR,13,500.0,0.0,,39.0,3.0,12.8,2.3/3.7,87.5,DEN,12,,,https://www.4for4.com/player/pat-bryant
215,Minnesota Vikings,DST,13,,0.0,,,,0.0,,186.0,DST,6,122.0,93.0,https://www.4for4.com/player/minnesota-vikings
216,Jack Bech,WR,13,402.0,0.0,,36.0,2.0,11.1,2.1/3.2,70.3,LV,8,,,https://www.4for4.com/player/jack-bech
217,Harrison Butker,K,13,,0.0,,,,0.0,,170.0,KC,10,149.0,68.0,https://www.4for4.com/player/harrison-butker
218,Elijah Arroyo,TE,13,408.0,0.0,,36.0,2.0,11.5,2.1/3.0,70.6,SEA,8,,,https://www.4for4.com/player/elijah-arroyo
219,KaVontae Turpin,WR,13,461.0,6.9,13.0,29.0,2.0,12.8,1.7/2.7,72.6,DAL,10,,,https://www.4for4.com/player/kavontae-turpin
220,Tahj Brooks,RB,13,283.0,4.0,52.0,11.0,1.0,6.9,0.6/1.0,39.7,CIN,10,,,https://www.4for4.com/player/tahj-brooks
221,Tutu Atwell,WR,13,437.0,4.0,2.0,34.0,2.0,12.6,2.0/3.2,72.8,LAR,8,,,https://www.4for4.com/player/tutu-atwell
222,Elijah Moore,WR,14,254.0,2.0,3.0,25.0,2.0,10.0,1.5/2.3,49.8,BUF,7,275.0,-53.0,https://www.4for4.com/player/elijah-moore
223,Miles Sanders,RB,14,441.0,3.9,82.0,19.0,3.0,6.3,1.1/1.5,71.7,DAL,10,,,https://www.4for4.com/player/miles-sanders
224,Ja'Tavion Sanders,TE,14,483.0,0.0,,49.0,4.0,9.9,2.9/3.8,96.6,CAR,14,,,https://www.4for4.com/player/ja'tavion-sanders
225,Kansas City Chiefs,DST,14,,0.0,,,,0.0,,140.0,DST,10,184.0,41.0,https://www.4for4.com/player/kansas-city-chiefs
226,Harold Fannin Jr.,TE,14,503.0,0.0,,47.0,3.0,10.7,2.8/4.2,91.8,CLE,9,279.0,-53.0,https://www.4for4.com/player/harold-fannin-jr.
227,Juwan Johnson,TE,14,480.0,0.0,,47.0,4.0,10.3,2.7/4.4,95.3,NO,11,,,https://www.4for4.com/player/juwan-johnson
228,Noah Brown,WR,14,536.0,0.0,,40.0,3.0,13.4,2.4/3.9,91.6,WAS,12,,,https://www.4for4.com/player/noah-brown
229,Quentin Johnston,WR,14,373.0,3.0,3.0,30.0,3.0,12.2,1.7/2.8,70.1,LAC,12,,,https://www.4for4.com/player/quentin-johnston
230,Calvin Austin III,WR,14,547.0,0.0,,43.0,2.0,12.6,2.6/4.2,88.4,PIT,5,,,https://www.4for4.com/player/calvin-austin-iii
231,Theo Johnson,TE,14,577.0,0.0,,56.0,4.0,10.3,3.3/4.9,109.7,NYG,14,,,https://www.4for4.com/player/theo-johnson
232,Nick Westbrook-Ikhine,WR,14,485.0,0.0,,36.0,3.0,13.3,2.1/3.6,84.7,MIA,12,,,https://www.4for4.com/player/nick-westbrook-ikhine
233,Raheem Mostert,RB,14,347.0,4.0,66.0,11.0,5.0,7.4,0.7/0.9,70.4,LV,8,,,https://www.4for4.com/player/raheem-mostert
234,Brandin Cooks,WR,14,389.0,0.0,,32.0,2.0,12.2,1.9/3.3,66.8,NO,11,,,https://www.4for4.com/player/brandin-cooks
235,Justice Hill,RB,14,414.0,4.6,35.0,32.0,3.0,8.0,1.9/2.4,75.1,BAL,7,,,https://www.4for4.com/player/justice-hill
236,Elic Ayomanor,WR,14,396.0,0.0,,34.0,2.0,11.5,2.0/3.3,68.9,TEN,10,,,https://www.4for4.com/player/elic-ayomanor
237,Tyler Lockett,WR,14,496.0,0.0,,44.0,3.0,11.4,2.6/4.2,89.4,TEN,10,,,https://www.4for4.com/player/tyler-lockett
238,Ka'imi Fairbairn,K,14,,0.0,,,,0.0,,169.0,HOU,6,183.0,55.0,https://www.4for4.com/player/ka'imi-fairbairn
239,Jaylen Wright,RB,14,454.0,4.2,85.0,16.0,3.0,6.1,0.9/1.3,71.3,MIA,12,180.0,59.0,https://www.4for4.com/player/jaylen-wright
240,Dameon Pierce,RB,14,418.0,4.0,94.0,7.0,3.0,5.8,0.4/0.6,63.4,HOU,6,416.0,-176.0,https://www.4for4.com/player/dameon-pierce
241,Sean Tucker,RB,14,451.0,4.3,72.0,18.0,3.0,7.7,1.1/1.4,72.3,TB,9,,,https://www.4for4.com/player/sean-tucker
242,Malik Washington,WR,14,440.0,5.0,10.0,41.0,3.0,9.6,2.4/3.5,82.3,MIA,12,,,https://www.4for4.com/player/malik-washington
243,Devaughn Vele,WR,14,417.0,0.0,,37.0,2.0,11.4,2.2/3.1,72.0,NO,11,,,https://www.4for4.com/player/devaughn-vele
244,Kyle Monangai,RB,14,240.0,4.0,46.0,8.0,2.0,7.0,0.5/0.7,40.0,CHI,5,,,https://www.4for4.com/player/kyle-monangai
245,AJ Barner,TE,14,451.0,0.0,,43.0,3.0,10.5,2.5/3.9,84.6,SEA,8,,,https://www.4for4.com/player/aj-barner
246,Matt Gay,K,14,,0.0,,,,0.0,,157.0,WAS,12,181.0,65.0,https://www.4for4.com/player/matt-gay
247,Noah Gray,TE,14,311.0,0.0,,29.0,3.0,10.7,1.7/2.3,63.6,KC,10,239.0,8.0,https://www.4for4.com/player/noah-gray
248,Jalen Tolbert,WR,14,484.0,0.0,,40.0,3.0,12.0,2.4/3.8,86.5,DAL,10,,,https://www.4for4.com/player/jalen-tolbert
249,Chase McLaughlin,K,14,,0.0,,,,0.0,,163.0,TB,9,114.0,135.0,https://www.4for4.com/player/chase-mclaughlin
250,Buffalo Bills,DST,14,,0.0,,,,0.0,,152.0,DST,7,152.0,98.0,https://www.4for4.com/player/buffalo-bills
251,Roman Wilson,WR,14,434.0,4.0,3.0,41.0,2.0,10.3,2.4/4.0,75.8,PIT,5,,,https://www.4for4.com/player/roman-wilson
252,Los Angeles Chargers,DST,14,,0.0,,,,0.0,,160.0,DST,12,234.0,18.0,https://www.4for4.com/player/los-angeles-chargers
253,Arizona Cardinals,DST,14,,0.0,,,,0.0,,125.0,DST,8,213.0,40.0,https://www.4for4.com/player/arizona-cardinals
254,Dontayvion Wicks,WR,14,315.0,0.0,,24.0,2.0,12.9,1.4/2.4,55.7,GB,5,412.0,-158.0,https://www.4for4.com/player/dontayvion-wicks
255,Amari Cooper,WR,14,996.0,0.0,,74.0,5.0,13.5,4.3/7.4,166.4,LV,8,223.0,32.0,https://www.4for4.com/player/amari-cooper
256,Joe Flacco,QB,14,3290.0,1.4,28.0,,21.0,0.0,,200.0,CLE,9,244.0,12.0,https://www.4for4.com/player/joe-flacco
257,Russell Wilson,QB,14,2435.0,3.4,28.0,,15.0,0.0,,151.1,NYG,14,237.0,20.0,https://www.4for4.com/player/russell-wilson
258,Josh Reynolds,WR,14,469.0,0.0,,49.0,3.0,9.7,2.9/4.6,89.2,NYJ,9,,,https://www.4for4.com/player/josh-reynolds
259,Jalen Royals,WR,14,300.0,0.0,,24.0,2.0,12.3,1.4/2.3,54.2,KC,10,428.0,-169.0,https://www.4for4.com/player/jalen-royals
260,Will Reichard,K,14,,0.0,,,,0.0,,154.0,MIN,6,215.0,45.0,https://www.4for4.com/player/will-reichard
261,Jaxson Dart,QB,14,1484.0,4.1,34.0,,9.0,0.0,,95.8,NYG,14,202.0,59.0,https://www.4for4.com/player/jaxson-dart
262,Tyler Higbee,TE,14,291.0,0.0,,32.0,2.0,9.2,1.9/2.9,56.9,LAR,8,,,https://www.4for4.com/player/tyler-higbee
263,Houston Texans,DST,14,,0.0,,,,0.0,,153.0,DST,6,96.0,167.0,https://www.4for4.com/player/houston-texans
264,Kareem Hunt,RB,14,338.0,3.5,62.0,19.0,2.0,6.5,1.1/1.5,55.2,KC,10,,,https://www.4for4.com/player/kareem-hunt
265,Evan McPherson,K,14,,0.0,,,,0.0,,157.0,CIN,10,193.0,72.0,https://www.4for4.com/player/evan-mcpherson
266,Jake Elliott,K,14,,0.0,,,,0.0,,148.0,PHI,9,143.0,123.0,https://www.4for4.com/player/jake-elliott
267,Tyler Bass,K,14,,0.0,,,,0.0,,144.0,BUF,7,144.0,123.0,https://www.4for4.com/player/tyler-bass
268,Brashard Smith,RB,14,269.0,4.1,36.0,18.0,2.0,6.8,1.1/1.5,47.8,KC,10,,,https://www.4for4.com/player/brashard-smith
269,Anthony Richardson Sr.,QB,14,,,,,,,,,IND,11,246.0,23.0,https://www.4for4.com/player/anthony-richardson-sr.
270,Tyler Shough,QB,14,2923.0,3.8,38.0,,14.0,0.0,,165.6,NO,11,,,https://www.4for4.com/player/tyler-shough
271,Will Dissly,TE,14,257.0,0.0,,26.0,2.0,9.7,1.6/2.2,50.9,LAC,12,377.0,-106.0,https://www.4for4.com/player/will-dissly
272,Kendre Miller,RB,14,558.0,4.0,116.0,13.0,3.0,7.3,0.8/1.1,80.2,NO,11,,,https://www.4for4.com/player/kendre-miller
273,Wil Lutz,K,14,,0.0,,,,0.0,,149.0,DEN,12,210.0,63.0,https://www.4for4.com/player/wil-lutz
274,Chimere Dike,WR,14,315.0,4.0,3.0,23.0,2.0,13.1,1.4/2.3,55.0,TEN,10,,,https://www.4for4.com/player/chimere-dike
275,Sterling Shepard,WR,14,206.0,0.0,,19.0,1.0,11.0,1.1/1.9,35.9,TB,9,400.0,-125.0,https://www.4for4.com/player/sterling-shepard
276,Tre Tucker,WR,14,527.0,4.0,9.0,38.0,3.0,13.0,2.2/3.6,89.7,LV,8,,,https://www.4for4.com/player/tre-tucker
277,Parker Washington,WR,14,285.0,0.0,,28.0,2.0,10.3,1.6/2.5,54.3,JAC,8,,,https://www.4for4.com/player/parker-washington
278,Terrance Ferguson,TE,14,132.0,0.0,,14.0,1.0,9.4,0.8/1.3,26.3,LAR,8,260.0,18.0,https://www.4for4.com/player/terrance-ferguson
279,Cole Kmet,TE,14,253.0,0.0,,25.0,2.0,10.2,1.5/2.0,49.7,CHI,5,222.0,57.0,https://www.4for4.com/player/cole-kmet
280,Devin Neal,RB,14,129.0,4.2,19.0,7.0,,7.3,0.4/0.5,16.3,NO,11,,,https://www.4for4.com/player/devin-neal
281,Trevor Etienne,RB,14,309.0,4.2,56.0,11.0,2.0,7.0,0.6/0.9,48.2,CAR,14,,,https://www.4for4.com/player/trevor-etienne
282,Detroit Lions,DST,14,,0.0,,,,0.0,,155.0,DST,8,140.0,142.0,https://www.4for4.com/player/detroit-lions
283,Younghoe Koo,K,14,,0.0,,,,0.0,,143.0,ATL,5,195.0,88.0,https://www.4for4.com/player/younghoe-koo
284,Dallas Cowboys,DST,14,,0.0,,,,0.0,,133.0,DST,10,196.0,88.0,https://www.4for4.com/player/dallas-cowboys
285,Jaylin Lane,WR,14,244.0,0.0,,18.0,1.0,13.9,1.0/1.6,39.2,WAS,12,399.0,-114.0,https://www.4for4.com/player/jaylin-lane
286,Greg Dortch,WR,14,306.0,5.0,2.0,30.0,2.0,9.8,1.8/2.6,57.8,ARI,8,,,https://www.4for4.com/player/greg-dortch
287,Elijah Mitchell,RB,14,260.0,4.0,53.0,8.0,2.0,6.0,0.5/0.6,42.0,KC,10,,,https://www.4for4.com/player/elijah-mitchell
288,Chad Ryland,K,14,,0.0,,,,0.0,,142.0,ARI,8,410.0,-122.0,https://www.4for4.com/player/chad-ryland
289,MarShawn Lloyd,RB,14,493.0,4.0,91.0,20.0,4.0,6.6,1.3/1.7,83.0,GB,5,,,https://www.4for4.com/player/marshawn-lloyd
290,Samaje Perine,RB,14,417.0,4.1,37.0,29.0,2.0,9.2,1.7/2.2,68.2,CIN,10,,,https://www.4for4.com/player/samaje-perine
291,New York Giants,DST,14,,0.0,,,,0.0,,100.0,DST,14,194.0,97.0,https://www.4for4.com/player/new-york-giants
292,Zay Jones,WR,14,240.0,0.0,,24.0,1.0,10.1,1.4/2.3,41.9,ARI,8,423.0,-131.0,https://www.4for4.com/player/zay-jones
293,Seattle Seahawks,DST,14,,0.0,,,,0.0,,148.0,DST,8,139.0,154.0,https://www.4for4.com/player/seattle-seahawks
294,Spencer Rattler,QB,14,1442.0,5.2,22.0,,6.0,0.0,,80.5,NO,11,,,https://www.4for4.com/player/spencer-rattler
295,Jalen Nailor,WR,14,351.0,0.0,,29.0,2.0,12.3,1.8/2.9,61.3,MIN,6,,,https://www.4for4.com/player/jalen-nailor
296,Tim Patrick,WR,14,288.0,0.0,,23.0,2.0,12.5,1.4/2.1,52.3,JAC,8,314.0,-18.0,https://www.4for4.com/player/tim-patrick
297,Emanuel Wilson,RB,14,309.0,4.5,52.0,15.0,2.0,5.0,0.9/1.1,50.4,GB,5,,,https://www.4for4.com/player/emanuel-wilson
298,New York Jets,DST,14,,0.0,,,,0.0,,136.0,DST,9,197.0,101.0,https://www.4for4.com/player/new-york-jets
299,Jaleel McLaughlin,RB,14,310.0,4.5,38.0,25.0,2.0,5.5,1.5/1.7,55.6,DEN,12,,,https://www.4for4.com/player/jaleel-mclaughlin
300,John Metchie III,WR,14,42.0,0.0,,4.0,,10.7,3.9/0.0,0.0,PHI,9,295.0,5.0,https://www.4for4.com/player/john-metchie-iii
301,Ty Johnson,RB,14,362.0,4.3,44.0,20.0,2.0,8.5,1.2/1.6,58.3,BUF,7,,,https://www.4for4.com/player/ty-johnson
302,Khalil Herbert,RB,14,54.0,4.0,10.0,2.0,,6.0,0.1/0.2,6.6,,,309.0,-7.0,https://www.4for4.com/player/khalil-herbert
303,Jacob Cowing,WR,14,132.0,0.0,,10.0,,12.9,0.6/1.0,18.3,SF,14,,,https://www.4for4.com/player/jacob-cowing
304,Oronde Gadsden II,TE,14,,,,,,,,,LAC,12,452.0,-148.0,https://www.4for4.com/player/oronde-gadsden-ii
305,Brandon McManus,K,14,,0.0,,,,0.0,,146.0,GB,5,218.0,87.0,https://www.4for4.com/player/brandon-mcmanus
306,Curtis Samuel,WR,14,170.0,4.0,5.0,16.0,1.0,9.5,0.9/1.4,30.9,BUF,7,481.0,-175.0,https://www.4for4.com/player/curtis-samuel
307,Devin Singletary,RB,14,158.0,4.0,29.0,7.0,1.0,6.0,0.4/0.5,25.3,NYG,14,,,https://www.4for4.com/player/devin-singletary
308,Ben Sinnott,TE,14,245.0,0.0,,25.0,2.0,9.8,1.5/2.1,49.0,WAS,12,,,https://www.4for4.com/player/ben-sinnott
309,Jordan James,RB,14,96.0,4.0,17.0,4.0,1.0,7.0,0.2/0.3,17.6,SF,14,,,https://www.4for4.com/player/jordan-james
310,Jason Sanders,K,14,,0.0,,,,0.0,,150.0,MIA,12,160.0,150.0,https://www.4for4.com/player/jason-sanders
311,Cleveland Browns,DST,14,,0.0,,,,0.0,,132.0,DST,9,209.0,102.0,https://www.4for4.com/player/cleveland-browns
312,Kenneth Gainwell,RB,14,218.0,3.9,47.0,5.0,1.0,6.5,0.3/0.5,30.5,PIT,5,,,https://www.4for4.com/player/kenneth-gainwell
313,Joshua Karty,K,14,,0.0,,,,0.0,,138.0,LAR,8,,,https://www.4for4.com/player/joshua-karty
314,Los Angeles Rams,DST,14,,0.0,,,,0.0,,137.0,DST,8,228.0,86.0,https://www.4for4.com/player/los-angeles-rams
315,Tyler Loop,K,14,,0.0,,,,0.0,,162.0,BAL,7,178.0,137.0,https://www.4for4.com/player/tyler-loop
316,Tyler Conklin,TE,14,202.0,0.0,,22.0,1.0,9.0,1.3/1.9,37.4,LAC,12,325.0,-9.0,https://www.4for4.com/player/tyler-conklin
317,Kimani Vidal,RB,14,135.0,3.8,21.0,7.0,1.0,7.9,0.4/0.5,23.0,LAC,12,,,https://www.4for4.com/player/kimani-vidal
318,Luke McCaffrey,WR,14,215.0,0.0,,22.0,1.0,9.7,1.3/2.1,38.6,WAS,12,254.0,64.0,https://www.4for4.com/player/luke-mccaffrey
319,Cam Little,K,14,,0.0,,,,0.0,,130.0,JAC,8,162.0,157.0,https://www.4for4.com/player/cam-little
320,Van Jefferson,WR,14,19.0,0.0,,2.0,,11.9,1.6/0.0,0.0,TEN,10,,,https://www.4for4.com/player/van-jefferson
321,Jake Moody,K,14,,0.0,,,,0.0,,142.0,SF,14,207.0,114.0,https://www.4for4.com/player/jake-moody
322,Savion Williams,WR,14,237.0,3.0,3.0,22.0,2.0,10.4,1.3/2.1,46.5,GB,5,437.0,-115.0,https://www.4for4.com/player/savion-williams
323,Spencer Shrader,K,14,,0.0,,,,0.0,,138.0,IND,11,,,https://www.4for4.com/player/spencer-shrader
324,Jalen McMillan,WR,14,328.0,5.0,3.0,24.0,2.0,12.8,2.7/4.2,56.9,TB,9,,,https://www.4for4.com/player/jalen-mcmillan
325,New England Patriots,DST,14,,0.0,,,,0.0,,101.0,DST,14,151.0,174.0,https://www.4for4.com/player/new-england-patriots
326,Demarcus Robinson,WR,14,429.0,0.0,,29.0,3.0,14.8,1.7/2.9,75.4,SF,14,442.0,-116.0,https://www.4for4.com/player/demarcus-robinson
327,Jason Myers,K,14,,0.0,,,,0.0,,140.0,SEA,8,,,https://www.4for4.com/player/jason-myers
328,Kalif Raymond,WR,14,235.0,4.0,3.0,17.0,1.0,13.0,1.0/1.5,38.0,DET,8,323.0,5.0,https://www.4for4.com/player/kalif-raymond
329,Christian Watson,WR,14,212.0,0.0,,12.0,1.0,18.0,2.9/5.3,33.0,GB,5,,,https://www.4for4.com/player/christian-watson
330,Isaiah Davis,RB,14,278.0,4.1,43.0,13.0,1.0,7.7,0.8/1.1,40.3,NYJ,9,,,https://www.4for4.com/player/isaiah-davis
331,Marquez Valdes-Scantling,WR,14,403.0,0.0,,23.0,2.0,17.6,1.3/2.6,63.8,SF,14,425.0,-94.0,https://www.4for4.com/player/marquez-valdes-scantling
332,Xavier Restrepo,WR,14,176.0,3.0,2.0,13.0,1.0,13.0,0.8/1.4,30.2,TEN,10,476.0,-144.0,https://www.4for4.com/player/xavier-restrepo
333,Tai Felton,WR,14,194.0,0.0,,18.0,1.0,10.5,1.1/1.9,34.6,MIN,6,,,https://www.4for4.com/player/tai-felton
334,Jalen Milroe,QB,14,551.0,4.7,14.0,,3.0,0.0,,34.0,SEA,8,263.0,71.0,https://www.4for4.com/player/jalen-milroe
335,Ryan Fitzgerald,K,14,,,,,,,,,CAR,14,247.0,88.0,https://www.4for4.com/player/ryan-fitzgerald
336,Mack Hollins,WR,14,187.0,0.0,,16.0,1.0,11.6,0.9/1.5,32.8,NE,14,338.0,-2.0,https://www.4for4.com/player/mack-hollins
337,Diontae Johnson,WR,14,357.0,0.0,,29.0,2.0,12.4,1.7/3.0,62.2,,,,,https://www.4for4.com/player/diontae-johnson
338,Jermaine Burton,WR,14,166.0,0.0,,13.0,1.0,13.0,0.8/1.5,29.0,CIN,10,436.0,-98.0,https://www.4for4.com/player/jermaine-burton
339,Tez Johnson,WR,14,695.0,4.0,5.0,63.0,5.0,10.7,3.7/5.9,0.0,TB,9,282.0,57.0,https://www.4for4.com/player/tez-johnson
340,Austin Hooper,TE,14,225.0,0.0,,23.0,1.0,9.9,1.3/1.9,39.9,NE,14,290.0,50.0,https://www.4for4.com/player/austin-hooper
341,Noah Fant,TE,14,195.0,0.0,,18.0,,11.0,1.0/1.5,28.4,CIN,10,,,https://www.4for4.com/player/noah-fant
342,Daniel Carlson,K,14,,0.0,,,,0.0,,132.0,LV,8,214.0,128.0,https://www.4for4.com/player/daniel-carlson
343,Dawson Knox,TE,14,194.0,0.0,,19.0,2.0,10.2,1.1/1.7,41.0,BUF,7,226.0,117.0,https://www.4for4.com/player/dawson-knox
344,Allen Lazard,WR,14,333.0,0.0,,25.0,3.0,13.5,1.4/2.4,63.6,NYJ,9,,,https://www.4for4.com/player/allen-lazard
345,Michael Mayer,TE,14,228.0,0.0,,27.0,1.0,8.3,1.6/2.4,42.5,LV,8,,,https://www.4for4.com/player/michael-mayer
346,Chicago Bears,DST,14,,0.0,,,,0.0,,129.0,DST,5,211.0,135.0,https://www.4for4.com/player/chicago-bears
347,Green Bay Packers,DST,14,,0.0,,,,0.0,,164.0,DST,5,203.0,144.0,https://www.4for4.com/player/green-bay-packers
348,Grant Calcaterra,TE,14,5.0,0.0,,1.0,,9.8,0.5/0.0,0.0,PHI,9,284.0,64.0,https://www.4for4.com/player/grant-calcaterra
349,Arian Smith,WR,14,92.0,0.0,,7.0,,12.5,0.4/0.7,12.8,NYJ,9,454.0,-105.0,https://www.4for4.com/player/arian-smith
350,Isaiah Bond,WR,14,351.0,3.0,3.0,26.0,2.0,13.2,1.5/2.5,60.0,CLE,9,298.0,52.0,https://www.4for4.com/player/isaiah-bond
351,Indianapolis Colts,DST,14,,0.0,,,,0.0,,108.0,DST,11,187.0,164.0,https://www.4for4.com/player/indianapolis-colts
352,Gunnar Helm,TE,14,173.0,0.0,,17.0,1.0,10.0,1.0/1.5,32.0,TEN,10,289.0,63.0,https://www.4for4.com/player/gunnar-helm
353,Khadarel Hodge,WR,14,185.0,0.0,,17.0,1.0,11.1,1.0/1.5,32.8,ATL,5,,,https://www.4for4.com/player/khadarel-hodge
354,Tampa Bay Buccaneers,DST,14,,0.0,,,,0.0,,127.0,DST,9,206.0,148.0,https://www.4for4.com/player/tampa-bay-buccaneers
355,JuJu Smith-Schuster,WR,14,189.0,0.0,,18.0,1.0,10.5,1.1/1.6,33.9,KC,10,256.0,99.0,https://www.4for4.com/player/juju-smith-schuster
356,Blake Grupe,K,14,,0.0,,,,0.0,,136.0,NO,11,232.0,124.0,https://www.4for4.com/player/blake-grupe
357,Luke Schoonmaker,TE,14,13.0,0.0,,1.0,,10.3,1.3/0.0,0.0,DAL,10,327.0,30.0,https://www.4for4.com/player/luke-schoonmaker
358,Malachi Corley,WR,14,208.0,5.0,5.0,19.0,1.0,9.5,1.1/1.9,36.4,CLE,9,,,https://www.4for4.com/player/malachi-corley
359,Tyler Goodson,RB,14,77.0,4.0,14.0,4.0,,5.9,0.2/0.3,9.5,IND,11,,,https://www.4for4.com/player/tyler-goodson
360,Cade Stover,TE,14,155.0,0.0,,15.0,1.0,10.4,0.9/1.4,28.9,HOU,6,337.0,23.0,https://www.4for4.com/player/cade-stover
361,Cam Akers,RB,14,224.0,4.1,47.0,6.0,1.0,5.4,0.3/0.4,31.3,,,385.0,-24.0,https://www.4for4.com/player/cam-akers
362,Cairo Santos,K,14,,0.0,,,,0.0,,136.0,CHI,5,188.0,174.0,https://www.4for4.com/player/cairo-santos
363,Sincere McCormick,RB,14,238.0,4.4,43.0,8.0,1.0,6.0,0.5/0.6,33.8,SF,14,,,https://www.4for4.com/player/sincere-mccormick
364,Audric Estime,RB,14,118.0,4.1,22.0,5.0,1.0,5.6,0.3/0.4,20.2,,,376.0,-12.0,https://www.4for4.com/player/audric-estime
365,Dare Ogunbowale,RB,14,14.0,3.8,2.0,1.0,,6.9,1.1/0.0,0.0,HOU,6,,,https://www.4for4.com/player/dare-ogunbowale
366,Raheim Sanders,RB,14,93.0,4.0,16.0,4.0,,7.3,0.2/0.4,11.3,CLE,9,363.0,3.0,https://www.4for4.com/player/raheim-sanders
367,Nick Nash,WR,14,167.0,0.0,,15.0,1.0,10.9,0.9/1.4,30.4,ATL,5,,,https://www.4for4.com/player/nick-nash
368,Antonio Gibson,RB,14,131.0,4.4,21.0,5.0,1.0,8.2,0.3/0.4,21.4,NE,14,,,https://www.4for4.com/player/antonio-gibson
369,Atlanta Falcons,DST,14,,0.0,,,,0.0,,114.0,DST,5,236.0,133.0,https://www.4for4.com/player/atlanta-falcons
370,Taysom Hill,TE,14,301.0,0.0,28.0,17.0,3.0,11.8,2.4/3.7,56.4,NO,11,240.0,130.0,https://www.4for4.com/player/taysom-hill
371,Andy Borregales,K,14,,,,,,,,,NE,14,249.0,122.0,https://www.4for4.com/player/andy-borregales
372,Gabe Davis,WR,14,402.0,0.0,,32.0,3.0,12.4,1.9/3.5,74.5,,,,,https://www.4for4.com/player/gabe-davis
373,Chris Brooks,RB,14,14.0,4.0,2.0,1.0,,6.8,0.8/0.0,0.0,GB,5,,,https://www.4for4.com/player/chris-brooks
374,Washington Commanders,DST,14,,0.0,,,,0.0,,117.0,DST,12,208.0,166.0,https://www.4for4.com/player/washington-commanders
375,Jeremy McNichols,RB,14,145.0,4.1,31.0,3.0,1.0,5.9,0.2/0.2,0.0,WAS,12,,,https://www.4for4.com/player/jeremy-mcnichols
376,Foster Moreau,TE,14,325.0,0.0,,23.0,2.0,13.9,1.4/2.2,56.2,NO,11,,,https://www.4for4.com/player/foster-moreau
377,Elijah Higgins,TE,14,8.0,0.0,,1.0,,9.9,0.8/0.0,0.0,ARI,8,318.0,59.0,https://www.4for4.com/player/elijah-higgins
378,Joey Slye,K,14,,0.0,,,,0.0,,135.0,TEN,10,255.0,123.0,https://www.4for4.com/player/joey-slye
379,Nick Folk,K,14,,0.0,,,,0.0,,126.0,NYJ,9,250.0,129.0,https://www.4for4.com/player/nick-folk
380,Ty Chandler,RB,14,161.0,3.9,32.0,5.0,1.0,7.2,0.3/0.4,24.6,MIN,6,281.0,99.0,https://www.4for4.com/player/ty-chandler
381,Carolina Panthers,DST,14,,0.0,,,,0.0,,95.0,DST,14,224.0,157.0,https://www.4for4.com/player/carolina-panthers
382,Las Vegas Raiders,DST,14,,0.0,,,,0.0,,101.0,DST,8,225.0,157.0,https://www.4for4.com/player/las-vegas-raiders
383,Graham Gano,K,14,,0.0,,,,0.0,,124.0,NYG,14,229.0,154.0,https://www.4for4.com/player/graham-gano
384,Devontez Walker,WR,14,118.0,0.0,,11.0,1.0,10.5,0.7/1.2,23.4,BAL,7,362.0,22.0,https://www.4for4.com/player/devontez-walker
385,Jacksonville Jaguars,DST,14,,0.0,,,,0.0,,103.0,DST,8,297.0,88.0,https://www.4for4.com/player/jacksonville-jaguars
386,Zamir White,RB,14,91.0,3.9,18.0,4.0,,5.7,0.2/0.3,10.8,LV,8,227.0,159.0,https://www.4for4.com/player/zamir-white
387,Jalin Hyatt,WR,14,121.0,0.0,,11.0,,11.0,0.6/1.1,17.6,NYG,14,313.0,74.0,https://www.4for4.com/player/jalin-hyatt
388,Gus Edwards,RB,14,420.0,3.7,105.0,5.0,4.0,6.0,0.3/0.4,68.5,,,393.0,-5.0,https://www.4for4.com/player/gus-edwards
389,Cincinnati Bengals,DST,14,,0.0,,,,0.0,,118.0,DST,10,220.0,169.0,https://www.4for4.com/player/cincinnati-bengals
390,Dillon Gabriel,QB,14,740.0,3.9,14.0,,3.0,0.0,,0.0,CLE,9,,,https://www.4for4.com/player/dillon-gabriel
391,Luke Musgrave,TE,14,176.0,0.0,,20.0,1.0,9.0,1.2/1.6,33.4,GB,5,252.0,139.0,https://www.4for4.com/player/luke-musgrave
392,Andre Szmyt,K,14,,,,,,,,,CLE,9,426.0,-34.0,https://www.4for4.com/player/andre-szmyt
393,Ricky White III,WR,14,338.0,0.0,,31.0,2.0,10.9,1.8/2.9,0.0,SEA,8,,,https://www.4for4.com/player/ricky-white-iii
394,Kendrick Bourne,WR,14,129.0,4.0,2.0,11.0,1.0,11.1,0.6/1.0,24.3,,,,,https://www.4for4.com/player/kendrick-bourne
395,Trey Sermon,RB,14,221.0,3.6,46.0,11.0,1.0,5.2,0.6/0.9,33.4,PIT,5,,,https://www.4for4.com/player/trey-sermon
396,New Orleans Saints,DST,14,,0.0,,,,0.0,,111.0,DST,11,233.0,163.0,https://www.4for4.com/player/new-orleans-saints
397,Miami Dolphins,DST,14,,0.0,,,,0.0,,123.0,DST,12,294.0,103.0,https://www.4for4.com/player/miami-dolphins
398,Tyler Boyd,WR,14,358.0,0.0,,36.0,2.0,9.9,2.1/3.2,65.9,,,,,https://www.4for4.com/player/tyler-boyd
399,Tennessee Titans,DST,14,,0.0,,,,0.0,,94.0,DST,10,238.0,161.0,https://www.4for4.com/player/tennessee-titans
400,Kenny Pickett,QB,14,746.0,3.9,14.0,,3.0,0.0,,41.1,LV,8,,,https://www.4for4.com/player/kenny-pickett
401,Jamaal Williams,RB,14,237.0,3.5,53.0,10.0,1.0,5.4,0.6/0.7,34.6,,,468.0,-67.0,https://www.4for4.com/player/jamaal-williams
402,Shedeur Sanders,QB,14,712.0,5.1,18.0,,4.0,0.0,,48.0,CLE,9,204.0,198.0,https://www.4for4.com/player/shedeur-sanders
403,Emari Demercado,RB,14,178.0,4.2,21.0,14.0,,6.4,0.8/1.1,24.8,ARI,8,,,https://www.4for4.com/player/emari-demercado
404,Jalin Conyers,TE,14,120.0,0.0,,11.0,1.0,10.6,0.7/1.1,23.7,MIA,12,,,https://www.4for4.com/player/jalin-conyers
405,Michael Carter,RB,14,216.0,3.8,37.0,15.0,1.0,5.0,0.9/1.2,35.1,ARI,8,,,https://www.4for4.com/player/michael-carter
406,Dylan Laube,RB,14,69.0,3.9,10.0,4.0,,7.2,0.2/0.3,9.0,LV,8,457.0,-51.0,https://www.4for4.com/player/dylan-laube
407,Clyde Edwards-Helaire,RB,14,80.0,3.6,16.0,3.0,,8.0,0.2/0.2,9.4,,,,,https://www.4for4.com/player/clyde-edwards-helaire
408,Phil Mafah,RB,14,103.0,4.0,19.0,4.0,,6.8,0.2/0.4,12.3,DAL,10,,,https://www.4for4.com/player/phil-mafah
409,Craig Reynolds,RB,14,137.0,4.1,27.0,3.0,,8.5,0.2/0.2,15.2,DET,8,308.0,101.0,https://www.4for4.com/player/craig-reynolds
