Rank,Player,Pos,Tier,Diff,YDS,YPC,RUSH,REC,TD,YPR,REC/TAR Game,Team,Bye,ESPN,Rank-ADP,Link
1,Christian McCaffrey,RB,1a,-1.0,2023.0,5.4,272.0,67.0,21.0,8.4,4.2/5.2,SF,9,1.0,0.0,https://www.4for4.com/player/christian-mccaffrey
2,Tyreek Hill,WR,1,-0.2,1814.0,2.5,6.0,119.0,13.0,15.1,7.4/10.7,MIA,6,3.0,-1.0,https://www.4for4.com/player/tyreek-hill
3,CeeDee Lamb,WR,1,1.6,1862.0,8.1,14.0,135.0,14.0,13.0,7.9/10.6,DAL,7,2.0,1.0,https://www.4for4.com/player/ceedee-lamb
4,Breece Hall,RB,1,-0.6,1585.0,4.5,223.0,76.0,9.0,7.8,4.5/5.6,NYJ,12,5.0,-1.0,https://www.4for4.com/player/breece-hall
5,Bijan Robinson,RB,1,1.4,1463.0,4.6,214.0,58.0,8.0,8.4,3.4/5.1,ATL,12,4.0,1.0,https://www.4for4.com/player/bijan-robinson
6,Amon-Ra St. Brown,WR,1,1.2,1539.0,6.0,4.0,119.0,10.0,12.7,7.4/10.3,DET,5,6.0,0.0,https://www.4for4.com/player/amon-ra-st.-brown
7,Justin Jefferson,WR,1,0.0,1062.0,-12.0,1.0,68.0,5.0,15.8,6.8/10.0,MIN,6,8.0,-1.0,https://www.4for4.com/player/justin-jefferson
8,Ja'Marr Chase,WR,1,-2.4,1203.0,-2.0,3.0,100.0,7.0,12.2,6.3/9.1,CIN,12,7.0,1.0,https://www.4for4.com/player/ja'marr-chase
9,A.J. Brown,WR,2,2.2,1456.0,0.0,,106.0,7.0,13.7,6.2/9.3,PHI,5,11.0,-2.0,https://www.4for4.com/player/a.j.-brown
10,Garrett Wilson,WR,2,2.4,1042.0,0.0,4.0,95.0,3.0,11.0,5.6/9.9,NYJ,12,12.0,-2.0,https://www.4for4.com/player/garrett-wilson
11,Jonathan Taylor,RB,2,-0.6,894.0,4.4,169.0,19.0,8.0,8.1,1.9/2.3,IND,14,9.0,2.0,https://www.4for4.com/player/jonathan-taylor
12,Travis Etienne Jr.,RB,2,0.4,1484.0,3.8,267.0,58.0,12.0,8.2,3.4/4.3,JAC,12,18.0,-6.0,https://www.4for4.com/player/travis-etienne-jr.
13,Marvin Harrison Jr.,WR,2,4.2,,,,,,,,ARI,11,20.0,-7.0,https://www.4for4.com/player/marvin-harrison-jr.
14,Chris Olave,WR,2,9.8,1123.0,0.0,,87.0,5.0,12.9,5.4/8.6,NO,12,19.0,-5.0,https://www.4for4.com/player/chris-olave
15,Puka Nacua,WR,2,-0.8,1575.0,7.4,12.0,105.0,6.0,14.2,6.2/9.4,LAR,6,13.0,2.0,https://www.4for4.com/player/puka-nacua
16,Isiah Pacheco,RB,2,-2.0,1179.0,4.6,205.0,44.0,9.0,5.5,3.1/3.5,KC,6,16.0,0.0,https://www.4for4.com/player/isiah-pacheco
17,Nico Collins,WR,2,8.8,1304.0,7.0,1.0,80.0,8.0,16.2,5.3/7.3,HOU,14,29.0,-12.0,https://www.4for4.com/player/nico-collins
18,Jahmyr Gibbs,RB,2,0.8,1261.0,5.2,182.0,52.0,11.0,6.1,3.5/4.7,DET,5,14.0,4.0,https://www.4for4.com/player/jahmyr-gibbs
19,Davante Adams,WR,2,3.4,1144.0,0.0,,103.0,8.0,11.1,6.1/10.3,LV,10,21.0,-2.0,https://www.4for4.com/player/davante-adams
20,Derrick Henry,RB,2,-6.2,1395.0,4.2,280.0,28.0,12.0,7.6,1.6/2.1,BAL,14,17.0,3.0,https://www.4for4.com/player/derrick-henry
21,Mike Evans,WR,2,10.6,1255.0,0.0,,79.0,13.0,15.9,4.6/8.0,TB,11,24.0,-3.0,https://www.4for4.com/player/mike-evans
22,Saquon Barkley,RB,2,-4.8,1242.0,3.9,247.0,41.0,10.0,6.8,2.9/4.3,PHI,5,10.0,12.0,https://www.4for4.com/player/saquon-barkley
23,Brandon Aiyuk,WR,3,12.2,1342.0,0.0,,75.0,7.0,17.9,4.7/6.6,SF,9,41.0,-18.0,https://www.4for4.com/player/brandon-aiyuk
24,Drake London,WR,3,7.0,927.0,0.0,,69.0,2.0,13.1,4.3/6.9,ATL,12,33.0,-9.0,https://www.4for4.com/player/drake-london
25,Cooper Kupp,WR,3,9.2,734.0,-3.0,1.0,59.0,5.0,12.5,4.9/7.9,LAR,6,44.0,-19.0,https://www.4for4.com/player/cooper-kupp
26,De'Von Achane,RB,3,1.0,997.0,7.8,103.0,27.0,11.0,7.3,2.5/3.4,MIA,6,37.0,-11.0,https://www.4for4.com/player/de'von-achane
27,Josh Allen,QB,3,-1.8,4830.0,4.7,111.0,,15.0,0.0,,BUF,12,23.0,4.0,https://www.4for4.com/player/josh-allen
28,Sam Laporta,TE,3,2.6,893.0,4.0,1.0,86.0,10.0,10.3,5.1/7.1,DET,5,34.0,-6.0,https://www.4for4.com/player/sam-laporta
29,Jaylen Waddle,WR,3,11.4,1026.0,4.0,3.0,72.0,4.0,14.1,5.1/7.4,MIA,6,49.0,-20.0,https://www.4for4.com/player/jaylen-waddle
30,Travis Kelce,TE,3,-3.4,984.0,0.0,,93.0,5.0,10.6,6.2/8.1,KC,6,22.0,8.0,https://www.4for4.com/player/travis-kelce
31,Kyren Williams,RB,3,-15.8,1350.0,5.0,228.0,32.0,15.0,6.4,2.7/4.0,LAR,6,15.0,16.0,https://www.4for4.com/player/kyren-williams
32,Deebo Samuel Sr.,WR,3,-0.8,1117.0,6.1,37.0,60.0,12.0,14.9,4.0/5.9,SF,9,39.0,-7.0,https://www.4for4.com/player/deebo-samuel-sr.
33,Jalen Hurts,QB,3,-1.2,4463.0,3.9,157.0,,15.0,0.0,,PHI,5,27.0,6.0,https://www.4for4.com/player/jalen-hurts
34,DK Metcalf,WR,3,7.4,1114.0,0.0,,66.0,8.0,16.9,4.1/7.4,SEA,10,36.0,-2.0,https://www.4for4.com/player/dk-metcalf
35,Joe Mixon,RB,3,-6.0,1410.0,4.0,257.0,52.0,12.0,7.2,3.1/3.8,HOU,14,32.0,3.0,https://www.4for4.com/player/joe-mixon
36,Michael Pittman Jr.,WR,3,-1.4,1152.0,0.0,,109.0,4.0,10.6,6.8/9.8,IND,14,25.0,11.0,https://www.4for4.com/player/michael-pittman-jr.
37,Josh Jacobs,RB,3,-5.0,1101.0,3.5,233.0,37.0,6.0,8.0,2.8/4.2,GB,10,38.0,-1.0,https://www.4for4.com/player/josh-jacobs
38,Devonta Smith,WR,3,6.6,1066.0,0.0,,81.0,7.0,13.2,5.1/7.0,PHI,5,47.0,-9.0,https://www.4for4.com/player/devonta-smith
39,Trey McBride,TE,3,6.8,825.0,0.0,,81.0,3.0,10.2,4.8/6.2,ARI,11,50.0,-11.0,https://www.4for4.com/player/trey-mcbride
40,DJ Moore,WR,3,2.0,1385.0,5.2,4.0,96.0,9.0,14.2,5.6/8.0,CHI,7,42.0,-2.0,https://www.4for4.com/player/dj-moore
41,Malik Nabers,WR,3,8.4,,,,,,,,NYG,11,48.0,-7.0,https://www.4for4.com/player/malik-nabers
42,Rachaad White,RB,3,-11.0,1539.0,3.6,272.0,64.0,9.0,8.6,3.8/4.1,TB,11,31.0,11.0,https://www.4for4.com/player/rachaad-white
43,Kenneth Walker III,RB,4,-3.8,1164.0,4.1,219.0,29.0,9.0,8.9,1.9/2.5,SEA,10,43.0,0.0,https://www.4for4.com/player/kenneth-walker-iii
44,Patrick Mahomes II,QB,4,-12.0,4572.0,5.2,75.0,,,0.0,,KC,6,26.0,18.0,https://www.4for4.com/player/patrick-mahomes-ii
45,Lamar Jackson,QB,4,-1.6,4499.0,5.5,148.0,,5.0,0.0,,BAL,14,35.0,10.0,https://www.4for4.com/player/lamar-jackson
46,Amari Cooper,WR,4,10.8,1250.0,0.0,,72.0,5.0,17.4,4.8/8.5,CLE,10,67.0,-21.0,https://www.4for4.com/player/amari-cooper
47,James Cook,RB,4,-16.0,1567.0,4.7,237.0,44.0,6.0,10.1,2.6/3.2,BUF,12,28.0,19.0,https://www.4for4.com/player/james-cook
48,Rashee Rice,WR,4,22.4,935.0,-3.0,1.0,79.0,7.0,11.9,4.9/6.4,KC,6,71.0,-23.0,https://www.4for4.com/player/rashee-rice
49,George Pickens,WR,4,10.8,1158.0,6.0,3.0,63.0,5.0,18.1,3.7/6.2,PIT,9,64.0,-15.0,https://www.4for4.com/player/george-pickens
50,Alvin Kamara,RB,4,-10.0,1160.0,3.9,180.0,75.0,6.0,6.2,5.8/6.6,NO,12,30.0,20.0,https://www.4for4.com/player/alvin-kamara
51,Terry Mclaurin,WR,4,21.0,1002.0,0.0,,79.0,5.0,12.7,4.6/7.8,WAS,14,77.0,-26.0,https://www.4for4.com/player/terry-mclaurin
52,Mark Andrews,TE,4,-6.0,544.0,0.0,1.0,45.0,6.0,12.1,4.5/6.1,BAL,14,45.0,7.0,https://www.4for4.com/player/mark-andrews
53,Tee Higgins,WR,5,8.6,656.0,0.0,,42.0,5.0,15.6,3.5/6.3,CIN,12,59.0,-6.0,https://www.4for4.com/player/tee-higgins
54,Christian Kirk,WR,5,20.6,792.0,6.0,1.0,57.0,3.0,13.8,4.8/7.1,JAC,12,83.0,-29.0,https://www.4for4.com/player/christian-kirk
55,C.J. Stroud,QB,5,-6.0,4275.0,4.3,39.0,1.0,3.0,0.0,0.1/0.1,HOU,14,46.0,9.0,https://www.4for4.com/player/c.j.-stroud
56,Anthony Richardson,QB,5,1.4,713.0,5.4,25.0,,4.0,0.0,,IND,14,52.0,4.0,https://www.4for4.com/player/anthony-richardson
57,Stefon Diggs,WR,5,-15.2,1188.0,5.0,1.0,107.0,8.0,11.1,6.3/9.4,HOU,14,40.0,17.0,https://www.4for4.com/player/stefon-diggs
58,Zay Flowers,WR,5,4.2,914.0,7.0,8.0,77.0,6.0,11.1,4.8/6.8,BAL,14,54.0,4.0,https://www.4for4.com/player/zay-flowers
59,Tank Dell,WR,5,5.6,760.0,4.6,11.0,47.0,7.0,15.1,4.3/6.8,HOU,14,63.0,-4.0,https://www.4for4.com/player/tank-dell
60,David Montgomery,RB,5,2.0,1132.0,4.6,219.0,16.0,13.0,7.3,1.1/1.7,DET,5,68.0,-8.0,https://www.4for4.com/player/david-montgomery
61,James Conner,RB,5,-5.0,1205.0,5.0,208.0,27.0,9.0,6.1,2.1/2.5,ARI,11,66.0,-5.0,https://www.4for4.com/player/james-conner
62,Dalton Kincaid,TE,5,-9.4,673.0,0.0,,73.0,2.0,9.2,4.6/5.7,BUF,12,56.0,6.0,https://www.4for4.com/player/dalton-kincaid
63,Calvin Ridley,WR,5,12.0,1039.0,2.6,9.0,76.0,8.0,13.4,4.5/8.0,TEN,5,60.0,3.0,https://www.4for4.com/player/calvin-ridley
64,Kyle Pitts,TE,5,-1.0,663.0,-4.0,1.0,53.0,3.0,12.6,3.1/5.3,ATL,12,65.0,-1.0,https://www.4for4.com/player/kyle-pitts
65,Kyler Murray,QB,5,5.8,2043.0,5.5,44.0,,3.0,0.0,,ARI,11,73.0,-8.0,https://www.4for4.com/player/kyler-murray
66,Rhamondre Stevenson,RB,5,0.0,857.0,4.0,156.0,38.0,4.0,6.3,3.2/4.3,NE,14,61.0,5.0,https://www.4for4.com/player/rhamondre-stevenson
67,Aaron Jones,RB,5,-8.6,889.0,4.6,142.0,30.0,3.0,7.8,2.7/3.9,MIN,6,58.0,9.0,https://www.4for4.com/player/aaron-jones
68,Zamir White,RB,5,-1.0,549.0,4.3,104.0,15.0,1.0,6.5,0.9/1.1,LV,10,69.0,-1.0,https://www.4for4.com/player/zamir-white
69,Chris Godwin,WR,5,7.4,1062.0,9.5,4.0,83.0,3.0,12.3,4.9/7.6,TB,11,70.0,-1.0,https://www.4for4.com/player/chris-godwin
70,Joe Burrow,QB,5,-8.4,2397.0,2.8,31.0,,,0.0,,CIN,12,53.0,17.0,https://www.4for4.com/player/joe-burrow
71,George Kittle,TE,5,-14.0,1022.0,2.0,1.0,65.0,6.0,15.7,4.1/5.6,SF,9,51.0,20.0,https://www.4for4.com/player/george-kittle
72,Keenan Allen,WR,5,5.4,1298.0,3.0,2.0,108.0,7.0,11.5,8.3/11.5,CHI,7,74.0,-2.0,https://www.4for4.com/player/keenan-allen
73,Jayden Reed,WR,5,12.4,912.0,10.8,11.0,64.0,10.0,12.4,4.0/5.9,GB,10,90.0,-17.0,https://www.4for4.com/player/jayden-reed
74,Jordan Love,QB,5,-2.8,4406.0,4.9,50.0,,4.0,0.0,,GB,10,72.0,2.0,https://www.4for4.com/player/jordan-love
75,Evan Engram,TE,5,-10.0,963.0,0.0,,114.0,4.0,8.4,6.7/8.4,JAC,12,55.0,20.0,https://www.4for4.com/player/evan-engram
76,Diontae Johnson,WR,5,13.0,717.0,0.0,,51.0,5.0,14.1,3.9/6.7,CAR,11,80.0,-4.0,https://www.4for4.com/player/diontae-johnson
77,D'Andre Swift,RB,6,-16.0,1263.0,4.6,229.0,39.0,6.0,5.5,2.4/3.1,CHI,7,57.0,20.0,https://www.4for4.com/player/d'andre-swift
78,Tony Pollard,RB,6,2.6,1316.0,4.0,252.0,55.0,6.0,5.7,3.2/3.9,TEN,5,86.0,-8.0,https://www.4for4.com/player/tony-pollard
79,Dak Prescott,QB,6,-9.6,4758.0,4.4,55.0,,2.0,0.0,,DAL,7,62.0,17.0,https://www.4for4.com/player/dak-prescott
80,Najee Harris,RB,6,-9.6,1205.0,4.1,255.0,29.0,8.0,5.9,1.7/2.2,PIT,9,75.0,5.0,https://www.4for4.com/player/najee-harris
81,Raheem Mostert,RB,6,-7.0,1187.0,4.8,209.0,25.0,21.0,7.0,1.7/2.1,MIA,6,85.0,-4.0,https://www.4for4.com/player/raheem-mostert
82,Javonte Williams,RB,6,1.0,1002.0,3.6,217.0,47.0,5.0,4.9,2.9/3.6,DEN,14,82.0,0.0,https://www.4for4.com/player/javonte-williams
83,Brian Robinson Jr.,RB,6,9.4,1101.0,4.1,178.0,36.0,9.0,10.2,2.4/2.9,WAS,14,76.0,7.0,https://www.4for4.com/player/brian-robinson-jr.
84,Jake Ferguson,TE,6,-2.6,761.0,0.0,,71.0,5.0,10.7,4.2/6.0,DAL,7,79.0,5.0,https://www.4for4.com/player/jake-ferguson
85,Christian Watson,WR,6,17.4,433.0,2.8,4.0,28.0,5.0,15.1,3.1/5.9,GB,10,89.0,-4.0,https://www.4for4.com/player/christian-watson
86,Jayden Daniels,QB,6,17.4,,,,,,,,WAS,14,103.0,-17.0,https://www.4for4.com/player/jayden-daniels
87,Devin Singletary,RB,6,7.4,1097.0,4.2,216.0,30.0,4.0,6.4,1.8/2.2,NYG,11,106.0,-19.0,https://www.4for4.com/player/devin-singletary
88,Brock Purdy,QB,6,5.0,4424.0,3.7,39.0,,2.0,0.0,,SF,9,84.0,4.0,https://www.4for4.com/player/brock-purdy
89,David Njoku,TE,6,-4.4,882.0,0.0,,81.0,6.0,10.9,5.1/7.7,CLE,10,78.0,11.0,https://www.4for4.com/player/david-njoku
90,Courtland Sutton,WR,7,25.2,772.0,0.0,,59.0,10.0,13.1,3.7/5.6,DEN,14,100.0,-10.0,https://www.4for4.com/player/courtland-sutton
91,Marquise Brown,WR,7,16.6,597.0,11.5,2.0,51.0,4.0,11.3,3.6/7.2,KC,6,123.0,-32.0,https://www.4for4.com/player/marquise-brown
92,Jaylen Warren,RB,7,-0.4,1154.0,5.3,149.0,61.0,4.0,6.1,3.6/4.4,PIT,9,87.0,5.0,https://www.4for4.com/player/jaylen-warren
93,Jaxon Smith-Njigba,WR,7,7.4,628.0,0.0,,63.0,4.0,10.0,3.7/5.5,SEA,10,88.0,5.0,https://www.4for4.com/player/jaxon-smith-njigba
94,Tyjae Spears,RB,7,6.2,838.0,4.5,100.0,52.0,3.0,7.4,3.1/4.1,TEN,5,92.0,2.0,https://www.4for4.com/player/tyjae-spears
95,DeAndre Hopkins,WR,7,11.6,1066.0,4.5,2.0,75.0,7.0,14.1,4.4/8.1,TEN,5,116.0,-21.0,https://www.4for4.com/player/deandre-hopkins
96,Jerome Ford,RB,7,18.2,1132.0,4.0,204.0,44.0,9.0,7.2,2.6/3.7,CLE,10,120.0,-24.0,https://www.4for4.com/player/jerome-ford
97,Tua Tagovailoa,QB,7,19.0,4698.0,2.1,35.0,,,0.0,,MIA,6,124.0,-27.0,https://www.4for4.com/player/tua-tagovailoa
98,Zack Moss,RB,7,-1.4,986.0,4.3,183.0,27.0,7.0,7.1,1.9/2.6,CIN,12,112.0,-14.0,https://www.4for4.com/player/zack-moss
99,Jameson Williams,WR,7,20.4,383.0,9.7,3.0,24.0,3.0,14.8,2.0/3.5,DET,5,135.0,-36.0,https://www.4for4.com/player/jameson-williams
100,Xavier Worthy,WR,7,-9.8,,,,,,,,KC,6,91.0,9.0,https://www.4for4.com/player/xavier-worthy
101,Jared Goff,QB,7,14.6,4596.0,0.7,32.0,,2.0,0.0,,DET,5,143.0,-42.0,https://www.4for4.com/player/jared-goff
102,Jordan Addison,WR,7,10.0,913.0,2.0,1.0,70.0,10.0,13.0,4.1/6.4,MIN,6,109.0,-7.0,https://www.4for4.com/player/jordan-addison
103,Rome Odunze,WR,7,-3.6,,,,,,,,CHI,7,101.0,2.0,https://www.4for4.com/player/rome-odunze
104,Brock Bowers,TE,7,-3.4,,,,,,,,LV,10,107.0,-3.0,https://www.4for4.com/player/brock-bowers
105,Chase Brown,RB,7,7.2,335.0,4.1,44.0,14.0,1.0,11.1,1.2/1.3,CIN,12,118.0,-13.0,https://www.4for4.com/player/chase-brown
106,Caleb Williams,QB,8,2.6,,,,,,,,CHI,7,113.0,-7.0,https://www.4for4.com/player/caleb-williams
107,Austin Ekeler,RB,8,-15.8,1064.0,3.5,179.0,51.0,6.0,8.5,3.6/5.3,WAS,14,93.0,14.0,https://www.4for4.com/player/austin-ekeler
108,Ladd McConkey,WR,8,-3.8,,,,,,,,LAC,5,110.0,-2.0,https://www.4for4.com/player/ladd-mcconkey
109,Jonathon Brooks,RB,8,-10.6,,,,,,,,CAR,11,108.0,1.0,https://www.4for4.com/player/jonathon-brooks
110,Keon Coleman,WR,8,-5.4,,,,,,,,BUF,12,105.0,5.0,https://www.4for4.com/player/keon-coleman
111,Brian Thomas Jr.,WR,8,7.0,,,,,,,,JAC,12,119.0,-8.0,https://www.4for4.com/player/brian-thomas-jr.
112,Dallas Goedert,TE,8,-1.6,593.0,1.0,1.0,59.0,3.0,10.0,4.2/5.9,PHI,5,117.0,-5.0,https://www.4for4.com/player/dallas-goedert
113,Gus Edwards,RB,8,0.4,990.0,4.1,198.0,12.0,13.0,15.0,0.7/0.8,LAC,5,127.0,-14.0,https://www.4for4.com/player/gus-edwards
114,Jakobi Meyers,WR,8,30.4,843.0,6.0,4.0,71.0,10.0,11.4,4.4/6.6,LV,10,128.0,-14.0,https://www.4for4.com/player/jakobi-meyers
115,Ezekiel Elliott,RB,8,-3.8,955.0,3.5,184.0,51.0,5.0,6.1,3.0/3.8,DAL,7,102.0,13.0,https://www.4for4.com/player/ezekiel-elliott
116,Trevor Lawrence,QB,8,13.2,4355.0,4.8,70.0,,4.0,0.0,,JAC,12,141.0,-25.0,https://www.4for4.com/player/trevor-lawrence
117,Rico Dowdle,RB,8,33.4,505.0,4.1,89.0,17.0,4.0,8.5,1.1/1.4,DAL,7,170.0,-53.0,https://www.4for4.com/player/rico-dowdle
118,Tyler Lockett,WR,8,20.0,894.0,0.0,,79.0,5.0,11.3,4.6/7.2,SEA,10,130.0,-12.0,https://www.4for4.com/player/tyler-lockett
119,Kirk Cousins,QB,8,24.2,2356.0,1.8,14.0,,,0.0,,ATL,12,131.0,-12.0,https://www.4for4.com/player/kirk-cousins
120,Romeo Doubs,WR,8,21.4,674.0,0.0,,59.0,8.0,11.4,3.5/5.6,GB,10,173.0,-53.0,https://www.4for4.com/player/romeo-doubs
121,Khalil Shakir,WR,8,12.4,621.0,10.0,1.0,39.0,2.0,15.7,2.3/2.6,BUF,12,159.0,-38.0,https://www.4for4.com/player/khalil-shakir
122,Justin Herbert,QB,8,9.4,3372.0,4.4,52.0,1.0,3.0,10.0,0.1/0.1,LAC,5,136.0,-14.0,https://www.4for4.com/player/justin-herbert
123,Curtis Samuel,WR,9,19.2,652.0,5.6,7.0,62.0,5.0,9.9,3.9/5.7,BUF,12,153.0,-30.0,https://www.4for4.com/player/curtis-samuel
124,Nick Chubb,RB,9,-24.2,191.0,6.1,28.0,4.0,,5.2,2.0/2.0,CLE,10,115.0,9.0,https://www.4for4.com/player/nick-chubb
125,Joshua Palmer,WR,9,28.6,587.0,6.0,1.0,38.0,2.0,15.3,3.8/6.1,LAC,5,169.0,-44.0,https://www.4for4.com/player/joshua-palmer
126,Chuba Hubbard,RB,9,10.8,1135.0,3.8,238.0,39.0,5.0,6.0,2.3/2.6,CAR,11,147.0,-21.0,https://www.4for4.com/player/chuba-hubbard
127,Aaron Rodgers,QB,9,10.2,,0.0,,,,0.0,,NYJ,12,111.0,16.0,https://www.4for4.com/player/aaron-rodgers
128,Mike Williams,WR,9,21.8,252.0,3.0,1.0,19.0,1.0,13.1,6.3/8.7,NYJ,12,129.0,-1.0,https://www.4for4.com/player/mike-williams
129,Pat Freiermuth,TE,9,5.6,308.0,0.0,,32.0,2.0,9.6,2.7/3.9,PIT,9,134.0,-5.0,https://www.4for4.com/player/pat-freiermuth
130,Brandin Cooks,WR,9,38.4,692.0,7.0,5.0,54.0,8.0,12.2,3.4/5.1,DAL,7,183.0,-53.0,https://www.4for4.com/player/brandin-cooks
131,Rashid Shaheed,WR,9,53.0,756.0,5.3,7.0,46.0,6.0,15.6,3.1/5.0,NO,12,161.0,-30.0,https://www.4for4.com/player/rashid-shaheed
132,Matthew Stafford,QB,9,19.0,4030.0,3.1,21.0,,,0.0,,LAR,6,162.0,-30.0,https://www.4for4.com/player/matthew-stafford
133,Ty Chandler,RB,9,27.8,620.0,4.5,102.0,21.0,3.0,7.6,1.2/1.5,MIN,6,158.0,-25.0,https://www.4for4.com/player/ty-chandler
134,Blake Corum,RB,9,-7.8,,,,,,,,LAR,6,138.0,-4.0,https://www.4for4.com/player/blake-corum
135,Dalton Schultz,TE,9,-10.0,635.0,0.0,,59.0,5.0,10.8,3.9/5.9,HOU,14,126.0,9.0,https://www.4for4.com/player/dalton-schultz
136,T.J. Hockenson,TE,9,-9.4,960.0,0.0,,95.0,5.0,10.1,6.3/8.5,MIN,6,122.0,14.0,https://www.4for4.com/player/t.j.-hockenson
137,Trey Benson,RB,9,-7.4,,,,,,,,ARI,11,139.0,-2.0,https://www.4for4.com/player/trey-benson
138,Demario Douglas,WR,9,64.8,602.0,5.1,8.0,49.0,,11.4,3.5/5.6,NE,14,167.0,-29.0,https://www.4for4.com/player/demario-douglas
139,Jerry Jeudy,WR,9,5.6,758.0,0.0,,54.0,2.0,14.0,3.4/5.4,CLE,10,133.0,6.0,https://www.4for4.com/player/jerry-jeudy
140,Tyler Allgeier,RB,9,17.6,876.0,3.7,186.0,18.0,5.0,10.7,1.1/1.4,ATL,12,148.0,-8.0,https://www.4for4.com/player/tyler-allgeier
141,Zach Charbonnet,RB,9,3.8,671.0,4.3,108.0,33.0,1.0,6.3,2.1/2.5,SEA,10,146.0,-5.0,https://www.4for4.com/player/zach-charbonnet
142,Hunter Henry,TE,9,51.5,419.0,0.0,,42.0,6.0,10.0,3.0/4.4,NE,14,,,https://www.4for4.com/player/hunter-henry
143,Geno Smith,QB,9,52.6,3777.0,4.2,37.0,1.0,1.0,-2.0,0.1/0.1,SEA,10,190.0,-47.0,https://www.4for4.com/player/geno-smith
144,Jaleel McLaughlin,RB,9,23.0,570.0,5.4,76.0,31.0,3.0,5.2,1.8/2.1,DEN,14,171.0,-27.0,https://www.4for4.com/player/jaleel-mclaughlin
145,Will Levis,QB,9,49.0,1865.0,2.3,25.0,,1.0,0.0,,TEN,5,194.0,-49.0,https://www.4for4.com/player/will-levis
146,Antonio Gibson,RB,10,26.4,654.0,4.1,65.0,48.0,3.0,8.1,3.0/3.7,NE,14,165.0,-19.0,https://www.4for4.com/player/antonio-gibson
147,Josh Downs,WR,10,46.7,771.0,0.0,,68.0,2.0,11.3,4.0/5.8,IND,14,,,https://www.4for4.com/player/josh-downs
148,Dontayvion Wicks,WR,10,34.8,596.0,1.0,1.0,39.0,4.0,14.9,2.6/3.9,GB,10,201.0,-53.0,https://www.4for4.com/player/dontayvion-wicks
149,Taysom Hill,TE,10,18.5,892.0,6.0,96.0,9.0,9.0,8.6,0.6/0.8,NO,12,156.0,-7.0,https://www.4for4.com/player/taysom-hill
150,J.K. Dobbins,RB,10,-17.4,37.0,2.8,8.0,2.0,1.0,7.5,2.0/3.0,LAC,5,125.0,25.0,https://www.4for4.com/player/j.k.-dobbins
151,Baker Mayfield,QB,10,14.4,4207.0,2.6,62.0,,1.0,0.0,,TB,11,172.0,-21.0,https://www.4for4.com/player/baker-mayfield
152,Deshaun Watson,QB,10,11.6,1257.0,5.5,26.0,,1.0,0.0,,CLE,10,154.0,-2.0,https://www.4for4.com/player/deshaun-watson
153,Jaylen Wright,RB,10,17.0,,,,,,,,MIA,6,187.0,-34.0,https://www.4for4.com/player/jaylen-wright
154,Ray Davis,RB,10,54.3,,,,,,,,BUF,12,,,https://www.4for4.com/player/ray-davis
155,Cole Kmet,TE,10,-15.2,721.0,0.7,3.0,73.0,6.0,9.8,4.3/5.3,CHI,7,160.0,-5.0,https://www.4for4.com/player/cole-kmet
156,Adonai Mitchell,WR,10,14.0,,,,,,,,IND,14,168.0,-12.0,https://www.4for4.com/player/adonai-mitchell
157,Baltimore Ravens,DST,10,-27.0,,,,,,,,DST,14,99.0,58.0,https://www.4for4.com/player/baltimore-ravens
158,Tyler Conklin,TE,10,27.6,621.0,0.0,1.0,61.0,,10.2,3.6/5.1,NYJ,12,163.0,-5.0,https://www.4for4.com/player/tyler-conklin
159,Rashod Bateman,WR,10,67.7,385.0,18.0,1.0,32.0,1.0,11.5,2.0/3.5,BAL,14,,,https://www.4for4.com/player/rashod-bateman
160,Luke Musgrave,TE,10,18.6,352.0,0.0,,34.0,1.0,10.4,3.1/4.2,GB,10,255.0,-95.0,https://www.4for4.com/player/luke-musgrave
161,Darnell Mooney,WR,10,22.2,419.0,2.5,2.0,31.0,1.0,13.4,2.1/4.1,ATL,12,144.0,17.0,https://www.4for4.com/player/darnell-mooney
162,Gabe Davis,WR,10,8.8,744.0,-2.0,1.0,45.0,7.0,16.6,2.6/4.8,JAC,12,155.0,7.0,https://www.4for4.com/player/gabe-davis
163,Derek Carr,QB,10,60.2,3918.0,1.2,32.0,,,0.0,,NO,12,219.0,-56.0,https://www.4for4.com/player/derek-carr
164,Michael Wilson,WR,10,44.0,565.0,0.0,,38.0,3.0,14.9,2.9/4.5,ARI,11,,,https://www.4for4.com/player/michael-wilson
165,Ja'Lynn Polk,WR,10,22.6,,,,,,,,NE,14,182.0,-17.0,https://www.4for4.com/player/ja'lynn-polk
166,Jonnu Smith,TE,10,62.8,582.0,0.0,1.0,50.0,3.0,11.6,2.9/4.1,MIA,6,,,https://www.4for4.com/player/jonnu-smith
167,Daniel Jones,QB,11,81.3,1115.0,5.2,40.0,,1.0,0.0,,NYG,11,,,https://www.4for4.com/player/daniel-jones
168,San Francisco 49ers,DST,11,-52.2,,,,,,,,DST,9,95.0,73.0,https://www.4for4.com/player/san-francisco-49ers
169,New York Jets,DST,11,-40.4,,,,,,,,DST,12,104.0,65.0,https://www.4for4.com/player/new-york-jets
170,Cleveland Browns,DST,11,-35.8,,,,,,,,DST,10,81.0,89.0,https://www.4for4.com/player/cleveland-browns
171,Bo Nix,QB,11,9.2,,,,,,,,DEN,14,179.0,-8.0,https://www.4for4.com/player/bo-nix
172,Dallas Cowboys,DST,11,-43.4,,,,,,,,DST,7,96.0,76.0,https://www.4for4.com/player/dallas-cowboys
173,MarShawn Lloyd,RB,11,8.2,,,,,,,,GB,10,184.0,-11.0,https://www.4for4.com/player/marshawn-lloyd
174,Wan'dale Robinson,WR,11,73.7,612.0,9.7,9.0,60.0,2.0,8.8,4.0/5.2,NYG,11,,,https://www.4for4.com/player/wan'dale-robinson
175,Adam Thielen,WR,11,-11.2,1020.0,6.0,1.0,103.0,4.0,9.8,6.1/8.1,CAR,11,150.0,25.0,https://www.4for4.com/player/adam-thielen
176,Greg Dortch,WR,11,81.0,285.0,5.0,1.0,24.0,2.0,11.7,1.5/2.6,ARI,11,,,https://www.4for4.com/player/greg-dortch
177,Bucky Irving,RB,11,16.5,,,,,,,,TB,11,,,https://www.4for4.com/player/bucky-irving
178,Khalil Herbert,RB,11,21.4,745.0,4.6,132.0,20.0,3.0,6.7,1.7/2.6,CHI,7,230.0,-52.0,https://www.4for4.com/player/khalil-herbert
179,Luke McCaffrey,WR,11,44.3,,,,,,,,WAS,14,,,https://www.4for4.com/player/luke-mccaffrey
180,Bryce Young,QB,11,31.3,3130.0,6.5,39.0,,,0.0,,CAR,11,191.0,-11.0,https://www.4for4.com/player/bryce-young
181,Brandon Aubrey,K,11,-69.2,,,,,,,,DAL,7,98.0,83.0,https://www.4for4.com/player/brandon-aubrey
182,Roschon Johnson,RB,11,53.3,561.0,4.3,81.0,34.0,2.0,6.1,2.3/2.7,CHI,7,,,https://www.4for4.com/player/roschon-johnson
183,Quentin Johnston,WR,11,29.7,440.0,3.0,3.0,38.0,2.0,11.3,2.2/3.9,LAC,5,,,https://www.4for4.com/player/quentin-johnston
184,Juwan Johnson,TE,11,89.7,368.0,0.0,,37.0,4.0,9.9,2.8/4.5,NO,12,,,https://www.4for4.com/player/juwan-johnson
185,Marvin Mims Jr.,WR,11,50.0,407.0,3.3,9.0,22.0,2.0,17.1,1.4/2.1,DEN,14,,,https://www.4for4.com/player/marvin-mims-jr.
186,Noah Fant,TE,11,64.0,414.0,0.0,,32.0,,12.9,1.9/2.5,SEA,10,,,https://www.4for4.com/player/noah-fant
187,Dyami Brown,WR,11,94.0,172.0,0.0,1.0,12.0,1.0,14.0,0.7/1.4,WAS,14,,,https://www.4for4.com/player/dyami-brown
188,Sam Darnold,QB,12,66.5,312.0,0.7,21.0,,1.0,0.0,,MIN,6,264.0,-76.0,https://www.4for4.com/player/sam-darnold
189,Justin Tucker,K,12,-82.4,,0.0,,,,0.0,,BAL,14,94.0,95.0,https://www.4for4.com/player/justin-tucker
190,Xavier Legette,WR,12,-15.0,,,,,,,,CAR,11,174.0,16.0,https://www.4for4.com/player/xavier-legette
191,Justice Hill,RB,12,43.7,593.0,4.6,84.0,28.0,4.0,7.4,1.8/2.4,BAL,14,,,https://www.4for4.com/player/justice-hill
192,Jahan Dotson,WR,12,-19.3,518.0,0.0,,49.0,4.0,10.6,2.9/4.9,PHI,5,,,https://www.4for4.com/player/jahan-dotson
193,Kimani Vidal,RB,12,8.0,,,,,,,,LAC,5,,,https://www.4for4.com/player/kimani-vidal
194,Cade Otton,TE,12,13.0,455.0,0.0,,47.0,4.0,9.7,2.8/3.9,TB,11,,,https://www.4for4.com/player/cade-otton
195,Miami Dolphins,DST,12,-25.0,,,,,,,,DST,6,140.0,55.0,https://www.4for4.com/player/miami-dolphins
196,Braelon Allen,RB,12,1.3,,,,,,,,NYJ,12,,,https://www.4for4.com/player/braelon-allen
197,Jalen McMillan,WR,12,84.0,,,,,,,,TB,11,,,https://www.4for4.com/player/jalen-mcmillan
198,Buffalo Bills,DST,12,-34.0,,,,,,,,DST,12,186.0,12.0,https://www.4for4.com/player/buffalo-bills
199,Jalen Nailor,WR,12,237.0,29.0,0.0,,3.0,,9.7,0.5/1.0,MIN,6,345.0,-146.0,https://www.4for4.com/player/jalen-nailor
200,Kansas City Chiefs,DST,12,-37.8,,,,,,,,DST,6,149.0,51.0,https://www.4for4.com/player/kansas-city-chiefs
201,Ben Sinnott,TE,12,9.7,,,,,,,,WAS,14,,,https://www.4for4.com/player/ben-sinnott
202,Pittsburgh Steelers,DST,12,-42.4,,,,,,,,DST,9,121.0,81.0,https://www.4for4.com/player/pittsburgh-steelers
203,Tyler Boyd,WR,12,45.7,678.0,5.5,2.0,67.0,2.0,10.0,3.9/5.8,TEN,5,,,https://www.4for4.com/player/tyler-boyd
204,Malachi Corley,WR,12,-7.5,,,,,,,,NYJ,12,,,https://www.4for4.com/player/malachi-corley
205,Philadelphia Eagles,DST,12,-23.2,,,,,,,,DST,5,181.0,24.0,https://www.4for4.com/player/philadelphia-eagles
206,Chigoziem Okonkwo,TE,12,-3.2,534.0,3.0,2.0,54.0,1.0,9.8,3.2/4.5,TEN,5,188.0,18.0,https://www.4for4.com/player/chigoziem-okonkwo
207,Jordan Mason,RB,13,-6.5,237.0,5.2,40.0,3.0,3.0,10.3,0.2/0.2,SF,9,204.0,3.0,https://www.4for4.com/player/jordan-mason
208,Darius Slayton,WR,13,84.0,770.0,0.0,,50.0,4.0,15.4,2.9/4.6,NYG,11,,,https://www.4for4.com/player/darius-slayton
209,Harrison Butker,K,13,-95.2,,0.0,,,,0.0,,KC,6,97.0,112.0,https://www.4for4.com/player/harrison-butker
210,Alexander Mattison,RB,13,14.7,892.0,3.9,180.0,30.0,3.0,6.4,1.9/2.8,LV,10,,,https://www.4for4.com/player/alexander-mattison
211,Demarcus Robinson,WR,13,64.5,394.0,23.0,1.0,26.0,4.0,14.3,1.6/2.4,LAR,6,,,https://www.4for4.com/player/demarcus-robinson
212,Ricky Pearsall,WR,13,-2.0,,,,,,,,SF,9,,,https://www.4for4.com/player/ricky-pearsall
213,Jake Elliott,K,13,-66.2,,0.0,,,,0.0,,PHI,5,114.0,99.0,https://www.4for4.com/player/jake-elliott
214,Jermaine Burton,WR,13,2.3,,,,,,,,CIN,12,,,https://www.4for4.com/player/jermaine-burton
215,Jalin Hyatt,WR,13,64.0,373.0,0.0,,23.0,,16.2,1.4/2.4,NYG,11,,,https://www.4for4.com/player/jalin-hyatt
216,Javon Baker,WR,13,120.3,,,,,,,,NE,14,472.0,-256.0,https://www.4for4.com/player/javon-baker
217,Isaiah Likely,TE,13,-39.8,411.0,0.0,,30.0,5.0,13.7,1.8/2.4,BAL,14,205.0,12.0,https://www.4for4.com/player/isaiah-likely
218,Kenneth Gainwell,RB,13,6.0,564.0,4.3,84.0,30.0,2.0,6.1,1.9/2.3,PHI,5,,,https://www.4for4.com/player/kenneth-gainwell
219,Andrei Iosivas,WR,13,82.0,116.0,0.0,,15.0,4.0,7.7,0.9/1.6,CIN,12,,,https://www.4for4.com/player/andrei-iosivas
220,New Orleans Saints,DST,13,-21.2,,,,,,,,DST,12,145.0,75.0,https://www.4for4.com/player/new-orleans-saints
221,Jake Moody,K,13,-62.6,,,,,,,,SF,9,152.0,69.0,https://www.4for4.com/player/jake-moody
222,Kendre Miller,RB,13,-2.7,273.0,3.8,41.0,10.0,1.0,11.7,1.3/1.4,NO,12,180.0,42.0,https://www.4for4.com/player/kendre-miller
223,Roman Wilson,WR,13,-36.5,,,,,,,,PIT,9,,,https://www.4for4.com/player/roman-wilson
224,Jalen Tolbert,WR,13,31.0,268.0,0.0,,22.0,2.0,12.2,1.3/2.1,DAL,7,,,https://www.4for4.com/player/jalen-tolbert
225,Troy Franklin,WR,13,-1.3,,,,,,,,DEN,14,,,https://www.4for4.com/player/troy-franklin
226,Colby Parkinson,TE,13,44.5,247.0,0.0,,25.0,2.0,9.9,1.5/2.0,LAR,6,,,https://www.4for4.com/player/colby-parkinson
227,Jason Sanders,K,13,-29.6,,0.0,,,,0.0,,MIA,6,254.0,-27.0,https://www.4for4.com/player/jason-sanders
228,Tank Bigsby,RB,13,9.0,138.0,2.6,50.0,1.0,2.0,6.0,0.1/0.2,JAC,12,,,https://www.4for4.com/player/tank-bigsby
229,Younghoe Koo,K,13,-90.2,,0.0,,,,0.0,,ATL,12,151.0,78.0,https://www.4for4.com/player/younghoe-koo
230,Audric Estime,RB,13,32.7,,,,,,,,DEN,14,,,https://www.4for4.com/player/audric-estime
231,Houston Texans,DST,13,-44.8,,,,,,,,DST,14,189.0,42.0,https://www.4for4.com/player/houston-texans
232,Ka'imi Fairbairn,K,13,-84.8,,0.0,,,,0.0,,HOU,14,132.0,100.0,https://www.4for4.com/player/ka'imi-fairbairn
233,Devaughn Vele,WR,13,349.0,,,,,,,,DEN,14,386.0,-153.0,https://www.4for4.com/player/devaughn-vele
234,Tucker Kraft,TE,13,29.0,355.0,0.0,,31.0,2.0,11.5,1.8/2.4,GB,10,,,https://www.4for4.com/player/tucker-kraft
235,Carson Steele,RB,13,-7.0,,,,,,,,KC,6,207.0,28.0,https://www.4for4.com/player/carson-steele
236,Josh Reynolds,WR,13,98.0,608.0,0.0,,40.0,5.0,15.2,2.4/3.8,DEN,14,,,https://www.4for4.com/player/josh-reynolds
237,Elijah Moore,WR,13,62.0,651.0,1.2,9.0,59.0,2.0,10.8,3.5/6.1,CLE,10,,,https://www.4for4.com/player/elijah-moore
238,Mike Gesicki,TE,13,-5.5,244.0,0.0,,29.0,2.0,8.4,1.7/2.6,CIN,12,246.0,-8.0,https://www.4for4.com/player/mike-gesicki
239,Dameon Pierce,RB,13,-21.3,517.0,2.9,145.0,13.0,3.0,7.8,0.9/1.2,HOU,14,,,https://www.4for4.com/player/dameon-pierce
240,Chicago Bears,DST,13,-49.4,,,,,,,,DST,7,176.0,64.0,https://www.4for4.com/player/chicago-bears
241,Gerald Everett,TE,14,39.0,421.0,3.3,3.0,51.0,3.0,8.1,3.4/4.7,CHI,7,,,https://www.4for4.com/player/gerald-everett
242,DJ Chark Jr.,WR,14,100.0,525.0,0.0,,35.0,5.0,15.0,2.3/4.4,LAC,5,,,https://www.4for4.com/player/dj-chark-jr.
243,Tyler Bass,K,14,-57.2,,0.0,,,,0.0,,BUF,12,202.0,41.0,https://www.4for4.com/player/tyler-bass
244,Tyrone Tracy Jr.,RB,14,-29.0,,,,,,,,NYG,11,,,https://www.4for4.com/player/tyrone-tracy-jr.
245,Theo Johnson,TE,14,72.0,,,,,,,,NYG,11,,,https://www.4for4.com/player/theo-johnson
246,Kendrick Bourne,WR,14,88.5,410.0,4.0,1.0,37.0,4.0,11.0,4.6/6.9,NE,14,,,https://www.4for4.com/player/kendrick-bourne
247,Keaton Mitchell,RB,14,12.3,489.0,8.4,47.0,9.0,2.0,10.3,1.1/1.4,BAL,14,,,https://www.4for4.com/player/keaton-mitchell
248,Jamaal Williams,RB,14,10.0,368.0,2.9,106.0,18.0,1.0,3.4,1.4/1.5,NO,12,,,https://www.4for4.com/player/jamaal-williams
249,Tre Tucker,WR,14,44.5,408.0,7.7,10.0,19.0,2.0,17.4,1.2/2.1,LV,10,,,https://www.4for4.com/player/tre-tucker
250,Cordarrelle Patterson,RB,14,29.0,219.0,3.6,50.0,9.0,1.0,4.2,0.6/0.9,PIT,9,,,https://www.4for4.com/player/cordarrelle-patterson
251,Brenden Rice,WR,14,37.0,,,,,,,,LAC,5,282.0,-31.0,https://www.4for4.com/player/brenden-rice
252,Justin Fields,QB,14,-36.0,3219.0,5.3,124.0,,4.0,0.0,,PIT,9,217.0,35.0,https://www.4for4.com/player/justin-fields
253,Jordan Whittington,WR,14,42.7,,,,,,,,LAR,6,253.0,0.0,https://www.4for4.com/player/jordan-whittington
254,Cedric Tillman,WR,14,206.0,232.0,8.0,1.0,21.0,,10.7,1.5/3.1,CLE,10,,,https://www.4for4.com/player/cedric-tillman
255,Denver Broncos,DST,14,-78.7,,,,,,,,DST,14,206.0,49.0,https://www.4for4.com/player/denver-broncos
256,Drake Maye,QB,14,-35.0,,,,,,,,NE,14,222.0,34.0,https://www.4for4.com/player/drake-maye
257,Eric Gray,RB,14,35.7,70.0,2.8,17.0,6.0,,3.7,0.5/0.5,NYG,11,,,https://www.4for4.com/player/eric-gray
258,Erick All Jr.,TE,14,518.0,,,,,,,,CIN,12,,,https://www.4for4.com/player/erick-all-jr.
259,Minnesota Vikings,DST,15,-35.3,,,,,,,,DST,6,208.0,51.0,https://www.4for4.com/player/minnesota-vikings
260,Odell Beckham Jr.,WR,15,-38.0,565.0,0.0,,35.0,3.0,16.1,2.5/4.6,MIA,6,,,https://www.4for4.com/player/odell-beckham-jr.
261,Dylan Laube,RB,15,66.5,,,,,,,,LV,10,,,https://www.4for4.com/player/dylan-laube
262,Treylon Burks,WR,15,73.0,239.0,3.6,5.0,16.0,,13.8,1.5/2.7,TEN,5,,,https://www.4for4.com/player/treylon-burks
263,Kalif Raymond,WR,15,40.0,564.0,10.7,7.0,35.0,1.0,14.0,2.1/2.6,DET,5,,,https://www.4for4.com/player/kalif-raymond
264,Trey Sermon,RB,15,48.0,173.0,4.6,35.0,3.0,,4.3,0.2/0.4,IND,14,,,https://www.4for4.com/player/trey-sermon
265,Van Jefferson,WR,15,36.0,213.0,4.0,1.0,20.0,,10.4,1.2/2.5,PIT,9,,,https://www.4for4.com/player/van-jefferson
266,Dawson Knox,TE,15,-53.3,186.0,0.0,,22.0,2.0,8.5,1.8/3.0,BUF,12,211.0,55.0,https://www.4for4.com/player/dawson-knox
267,Dustin Hopkins,K,15,-200.0,,0.0,,,,0.0,,CLE,10,,,https://www.4for4.com/player/dustin-hopkins
268,Jauan Jennings,WR,15,8.5,265.0,0.0,,19.0,1.0,13.9,1.5/2.5,SF,9,247.0,21.0,https://www.4for4.com/player/jauan-jennings
269,Greg Dulcich,TE,15,-14.3,25.0,0.0,,3.0,,8.3,1.5/2.0,DEN,14,,,https://www.4for4.com/player/greg-dulcich
270,Alec Pierce,WR,15,76.0,514.0,0.0,,32.0,2.0,16.1,1.9/3.8,IND,14,,,https://www.4for4.com/player/alec-pierce
271,Evan McPherson,K,15,-118.2,,,,,,,,CIN,12,137.0,134.0,https://www.4for4.com/player/evan-mcpherson
272,Michael Thomas,WR,15,139.0,448.0,0.0,,39.0,1.0,11.5,3.9/6.4,,,412.0,-140.0,https://www.4for4.com/player/michael-thomas
273,Will Shipley,RB,15,-17.0,,,,,,,,PHI,5,,,https://www.4for4.com/player/will-shipley
274,Clyde Edwards-Helaire,RB,15,-57.5,411.0,3.2,70.0,17.0,2.0,11.1,1.1/1.5,KC,6,,,https://www.4for4.com/player/clyde-edwards-helaire
275,Matt Gay,K,15,-81.0,,0.0,,,,0.0,,IND,14,177.0,98.0,https://www.4for4.com/player/matt-gay
276,Cam Akers,RB,15,4.3,237.0,2.8,60.0,11.0,2.0,6.4,1.6/1.7,HOU,14,258.0,18.0,https://www.4for4.com/player/cam-akers
277,Gardner Minshew II,QB,15,-20.0,3405.0,2.9,34.0,,3.0,0.0,,LV,10,265.0,12.0,https://www.4for4.com/player/gardner-minshew-ii
278,Jacob Cowing,WR,15,203.0,,,,,,,,SF,9,436.0,-158.0,https://www.4for4.com/player/jacob-cowing
279,Dalvin Cook,RB,15,-61.3,292.0,3.2,67.0,15.0,,5.2,1.0/1.3,DAL,7,210.0,69.0,https://www.4for4.com/player/dalvin-cook
280,Russell Wilson,QB,15,-66.0,3411.0,4.3,80.0,,3.0,0.0,,PIT,9,212.0,68.0,https://www.4for4.com/player/russell-wilson
281,Tyquan Thornton,WR,15,421.0,142.0,17.0,3.0,13.0,,7.0,1.4/2.6,NE,14,,,https://www.4for4.com/player/tyquan-thornton
282,Devontez Walker,WR,15,29.7,,,,,,,,BAL,14,330.0,-48.0,https://www.4for4.com/player/devontez-walker
283,Zach Ertz,TE,15,-65.4,187.0,0.0,,27.0,1.0,6.9,3.9/6.1,WAS,14,223.0,60.0,https://www.4for4.com/player/zach-ertz
284,Cameron Dicker,K,15,-114.4,,,,,,,,LAC,5,164.0,120.0,https://www.4for4.com/player/cameron-dicker
285,Michael Mayer,TE,15,-21.7,304.0,0.0,,27.0,2.0,11.3,1.9/2.9,LV,10,294.0,-9.0,https://www.4for4.com/player/michael-mayer
286,Bo Melton,WR,15,94.5,239.0,7.0,3.0,16.0,1.0,13.6,3.2/4.8,GB,10,307.0,-21.0,https://www.4for4.com/player/bo-melton
287,Malik Washington,WR,15,35.7,,,,,,,,MIA,6,341.0,-54.0,https://www.4for4.com/player/malik-washington
288,A.T. Perry,WR,15,78.0,246.0,0.0,,12.0,4.0,20.5,1.2/1.8,NO,12,475.0,-187.0,https://www.4for4.com/player/a.t.-perry
289,Jason Myers,K,15,-89.6,,0.0,,,,0.0,,SEA,10,235.0,54.0,https://www.4for4.com/player/jason-myers
290,K.J. Osborn,WR,15,23.5,540.0,0.0,,48.0,3.0,11.2,3.0/4.7,NE,14,,,https://www.4for4.com/player/k.j.-osborn
291,Jonathan Mingo,WR,15,82.0,418.0,0.0,,43.0,,9.7,2.9/5.7,CAR,11,,,https://www.4for4.com/player/jonathan-mingo
292,Zay Jones,WR,15,14.5,321.0,0.0,,34.0,2.0,9.4,3.8/7.1,ARI,11,,,https://www.4for4.com/player/zay-jones
293,Detroit Lions,DST,15,-90.2,,,,,,,,DST,5,157.0,136.0,https://www.4for4.com/player/detroit-lions
294,Samaje Perine,RB,15,-10.7,693.0,4.5,53.0,50.0,1.0,9.1,2.9/3.3,KC,6,,,https://www.4for4.com/player/samaje-perine
295,D'Onta Foreman,RB,15,4.5,502.0,3.9,109.0,11.0,5.0,7.0,1.2/1.8,CLE,10,,,https://www.4for4.com/player/d'onta-foreman
296,Hayden Hurst,TE,15,-10.0,184.0,0.0,,18.0,1.0,10.2,2.0/3.6,LAC,5,,,https://www.4for4.com/player/hayden-hurst
297,Ja'Tavion Sanders,TE,15,-45.0,,,,,,,,CAR,11,266.0,31.0,https://www.4for4.com/player/ja'tavion-sanders
298,Jamison Crowder,WR,15,269.0,159.0,0.0,,16.0,1.0,9.9,0.9/1.2,WAS,14,,,https://www.4for4.com/player/jamison-crowder
299,Xavier Gipson,WR,15,168.0,297.0,8.5,8.0,21.0,2.0,10.9,1.2/2.2,NYJ,12,,,https://www.4for4.com/player/xavier-gipson
300,Cairo Santos,K,15,-97.7,,0.0,,,,0.0,,CHI,7,178.0,122.0,https://www.4for4.com/player/cairo-santos
301,Jha'Quan Jackson,WR,15,321.0,,,,,,,,TEN,5,349.0,-48.0,https://www.4for4.com/player/jha'quan-jackson
302,Tim Patrick,WR,15,17.0,621.0,0.0,,45.0,5.0,13.8,3.2/5.1,DET,5,,,https://www.4for4.com/player/tim-patrick
303,Tyler Higbee,TE,15,31.7,495.0,0.0,,47.0,2.0,10.5,3.1/4.7,LAR,6,369.0,-66.0,https://www.4for4.com/player/tyler-higbee
304,Trey Palmer,WR,15,73.0,407.0,7.3,3.0,39.0,3.0,9.9,2.3/4.0,TB,11,,,https://www.4for4.com/player/trey-palmer
305,D'Ernest Johnson,RB,15,324.0,248.0,2.6,41.0,10.0,,14.0,0.6/0.7,JAC,12,,,https://www.4for4.com/player/d'ernest-johnson
306,Pierre Strong Jr.,RB,15,223.0,338.0,4.6,63.0,5.0,1.0,9.4,0.3/0.5,CLE,10,,,https://www.4for4.com/player/pierre-strong-jr.
307,Johnny Wilson,WR,15,77.5,,,,,,,,PHI,5,336.0,-29.0,https://www.4for4.com/player/johnny-wilson
308,Nelson Agholor,WR,15,21.0,381.0,0.0,,35.0,4.0,10.9,2.1/2.6,BAL,14,,,https://www.4for4.com/player/nelson-agholor
309,Michael Carter,RB,15,144.0,288.0,6.2,30.0,24.0,1.0,4.2,1.6/2.1,ARI,11,,,https://www.4for4.com/player/michael-carter
310,Calvin Austin III,WR,15,3.0,237.0,5.2,11.0,17.0,2.0,10.6,1.0/1.8,PIT,9,,,https://www.4for4.com/player/calvin-austin-iii
311,Cincinnati Bengals,DST,15,-147.0,,,,,,,,DST,12,166.0,145.0,https://www.4for4.com/player/cincinnati-bengals
312,Jacoby Brissett,QB,15,18.0,243.0,6.3,3.0,,,0.0,,NE,14,,,https://www.4for4.com/player/jacoby-brissett
313,Aidan O'Connell,QB,15,-21.0,2229.0,0.6,17.0,,1.0,0.0,,LV,10,,,https://www.4for4.com/player/aidan-o'connell
314,Seattle Seahawks,DST,15,-107.4,,,,,,,,DST,10,193.0,121.0,https://www.4for4.com/player/seattle-seahawks
315,Miles Sanders,RB,15,-68.5,586.0,3.3,129.0,27.0,1.0,5.7,1.7/2.6,CAR,11,,,https://www.4for4.com/player/miles-sanders
316,Isaac Guerendo,RB,15,-19.3,,,,,,,,SF,9,,,https://www.4for4.com/player/isaac-guerendo
317,New England Patriots,DST,15,-95.0,,,,,,,,DST,14,209.0,108.0,https://www.4for4.com/player/new-england-patriots
318,Tutu Atwell,WR,15,37.0,514.0,6.2,5.0,39.0,3.0,12.4,2.4/4.2,LAR,6,,,https://www.4for4.com/player/tutu-atwell
319,Rasheen Ali,RB,16,91.0,,,,,,,,BAL,14,467.0,-148.0,https://www.4for4.com/player/rasheen-ali
320,Jawhar Jordan,RB,16,462.0,,,,,,,,HOU,14,,,https://www.4for4.com/player/jawhar-jordan
321,John Metchie III,WR,16,48.5,162.0,4.0,1.0,16.0,,9.9,1.0/1.9,HOU,14,347.0,-26.0,https://www.4for4.com/player/john-metchie-iii
322,Deuce Vaughn,RB,16,-27.0,80.0,1.7,23.0,7.0,,5.7,0.9/0.9,DAL,7,,,https://www.4for4.com/player/deuce-vaughn
323,Charlie Jones,WR,16,120.0,77.0,6.5,2.0,7.0,1.0,9.1,0.6/0.8,CIN,12,342.0,-19.0,https://www.4for4.com/player/charlie-jones
324,Noah Gray,TE,16,-84.5,306.0,1.0,1.0,28.0,2.0,10.9,1.6/2.4,KC,6,228.0,96.0,https://www.4for4.com/player/noah-gray
325,Jeff Wilson Jr.,RB,16,77.0,273.0,4.6,41.0,14.0,,6.1,1.4/1.7,MIA,6,461.0,-136.0,https://www.4for4.com/player/jeff-wilson-jr.
326,Indianapolis Colts,DST,16,-105.5,,,,,,,,DST,14,,,https://www.4for4.com/player/indianapolis-colts
327,Kylen Granson,TE,16,89.0,370.0,2.0,1.0,30.0,1.0,12.3,2.0/3.3,IND,14,,,https://www.4for4.com/player/kylen-granson
328,Las Vegas Raiders,DST,16,-117.7,,,,,,,,DST,10,200.0,128.0,https://www.4for4.com/player/las-vegas-raiders
329,Will Dissly,TE,16,165.0,172.0,0.0,,17.0,1.0,10.1,1.1/1.4,LAC,5,,,https://www.4for4.com/player/will-dissly
330,Daniel Carlson,K,16,-130.7,,0.0,,,,0.0,,LV,10,196.0,134.0,https://www.4for4.com/player/daniel-carlson
331,Royce Freeman,RB,16,157.0,332.0,4.1,77.0,1.0,2.0,13.0,0.1/0.1,,,,,https://www.4for4.com/player/royce-freeman
332,Noah Brown,WR,16,73.0,566.0,-1.0,1.0,33.0,2.0,17.2,3.3/5.5,WAS,14,,,https://www.4for4.com/player/noah-brown
333,Deneric Prince,RB,16,89.5,,0.0,,,,0.0,,MIA,6,468.0,-135.0,https://www.4for4.com/player/deneric-prince
334,Will Mallory,TE,16,40.0,207.0,0.0,,18.0,,11.5,1.5/2.2,IND,14,,,https://www.4for4.com/player/will-mallory
335,Marquez Valdes-Scantling,WR,16,103.5,315.0,0.0,,21.0,1.0,15.0,1.3/2.6,BUF,12,388.0,-53.0,https://www.4for4.com/player/marquez-valdes-scantling
336,Emanuel Wilson,RB,16,92.0,108.0,6.1,14.0,4.0,,5.8,0.6/0.7,GB,10,,,https://www.4for4.com/player/emanuel-wilson
337,Kadarius Toney,WR,16,-64.7,200.0,2.8,11.0,27.0,1.0,6.3,2.1/2.9,,,231.0,106.0,https://www.4for4.com/player/kadarius-toney
338,Olamide Zaccheaus,WR,16,164.0,164.0,0.0,,10.0,2.0,16.4,0.6/1.2,WAS,14,,,https://www.4for4.com/player/olamide-zaccheaus
339,Isaiah Spiller,RB,16,366.0,130.0,2.6,37.0,6.0,,5.7,0.7/0.7,,,,,https://www.4for4.com/player/isaiah-spiller
340,Daniel Bellinger,TE,16,-14.0,255.0,0.0,,25.0,,10.2,1.5/1.6,NYG,11,,,https://www.4for4.com/player/daniel-bellinger
341,Jacksonville Jaguars,DST,16,-106.0,,,,,,,,DST,12,175.0,166.0,https://www.4for4.com/player/jacksonville-jaguars
342,Chris Rodriguez Jr.,RB,17,120.0,259.0,4.8,51.0,2.0,2.0,6.0,0.2/0.2,WAS,14,,,https://www.4for4.com/player/chris-rodriguez-jr.
343,Jameis Winston,QB,17,94.0,258.0,-1.2,5.0,,,0.0,,CLE,10,,,https://www.4for4.com/player/jameis-winston
344,Justin Watson,WR,17,-79.0,460.0,0.0,,27.0,3.0,17.0,1.7/3.3,KC,6,241.0,103.0,https://www.4for4.com/player/justin-watson
345,Mack Hollins,WR,17,93.0,251.0,0.0,,18.0,,13.9,1.4/2.3,BUF,12,438.0,-93.0,https://www.4for4.com/player/mack-hollins
346,Evan Hull,RB,17,515.0,7.0,1.0,1.0,1.0,,6.0,1.0/1.0,IND,14,,,https://www.4for4.com/player/evan-hull
347,KaVontae Turpin,WR,17,-13.0,237.0,10.0,11.0,12.0,4.0,10.6,0.8/1.1,DAL,7,355.0,-8.0,https://www.4for4.com/player/kavontae-turpin
348,Chase McLaughlin,K,17,-105.5,,0.0,,,,0.0,,TB,11,,,https://www.4for4.com/player/chase-mclaughlin
349,Matt Prater,K,17,-134.0,,0.0,,,,0.0,,ARI,11,,,https://www.4for4.com/player/matt-prater
350,Israel Abanikanda,RB,17,71.5,113.0,3.2,22.0,7.0,,6.1,1.0/1.6,NYJ,12,446.0,-96.0,https://www.4for4.com/player/israel-abanikanda
351,Greg Zuerlein,K,17,-169.7,,0.0,,,,0.0,,NYJ,12,142.0,209.0,https://www.4for4.com/player/greg-zuerlein
352,Brayden Narveson,K,17,105.0,,,,,,,,GB,10,,,https://www.4for4.com/player/brayden-narveson
353,Cedrick Wilson Jr.,WR,17,138.0,296.0,0.0,,22.0,3.0,13.5,1.5/2.5,NO,12,,,https://www.4for4.com/player/cedrick-wilson-jr.
354,Michael Penix Jr.,QB,17,-58.3,,,,,,,,ATL,12,334.0,20.0,https://www.4for4.com/player/michael-penix-jr.
355,Blake Grupe,K,17,-134.0,,,,,,,,NO,12,251.0,104.0,https://www.4for4.com/player/blake-grupe
356,Jake Bobo,WR,17,-71.5,199.0,3.0,1.0,19.0,3.0,10.3,1.1/1.5,SEA,10,261.0,95.0,https://www.4for4.com/player/jake-bobo
357,Braxton Berrios,WR,17,-83.5,249.0,11.0,1.0,27.0,1.0,8.8,1.7/2.1,MIA,6,216.0,141.0,https://www.4for4.com/player/braxton-berrios
358,Emari Demercado,RB,17,71.0,403.0,4.9,58.0,21.0,2.0,5.7,1.5/2.1,ARI,11,,,https://www.4for4.com/player/emari-demercado
359,Robert Woods,WR,17,24.0,433.0,7.0,1.0,40.0,1.0,10.6,2.9/5.4,HOU,14,364.0,-5.0,https://www.4for4.com/player/robert-woods
360,Trenton Irwin,WR,17,29.5,316.0,0.0,,25.0,1.0,12.6,1.6/2.0,CIN,12,365.0,-5.0,https://www.4for4.com/player/trenton-irwin
361,Green Bay Packers,DST,17,-135.0,,,,,,,,DST,10,197.0,164.0,https://www.4for4.com/player/green-bay-packers
362,Parker Washington,WR,17,95.0,132.0,0.0,,16.0,2.0,8.2,1.8/2.3,JAC,12,492.0,-130.0,https://www.4for4.com/player/parker-washington
363,Donald Parham Jr.,TE,17,81.0,285.0,0.0,,27.0,4.0,10.6,1.9/2.9,DEN,14,,,https://www.4for4.com/player/donald-parham-jr.
364,Ryan Flournoy,WR,18,209.5,,,,,,,,DAL,7,370.0,-6.0,https://www.4for4.com/player/ryan-flournoy
365,Skyy Moore,WR,18,-83.5,267.0,7.7,3.0,21.0,1.0,11.6,1.5/2.7,KC,6,252.0,113.0,https://www.4for4.com/player/skyy-moore
366,Xavier Hutchinson,WR,18,208.0,139.0,9.8,5.0,8.0,,11.2,0.5/1.2,HOU,14,409.0,-43.0,https://www.4for4.com/player/xavier-hutchinson
367,Cade Stover,TE,18,-60.5,,,,,,,,HOU,14,287.0,80.0,https://www.4for4.com/player/cade-stover
368,Atlanta Falcons,DST,18,-168.7,,,,,,,,DST,12,195.0,173.0,https://www.4for4.com/player/atlanta-falcons
369,Kenny McIntosh,RB,18,30.0,,0.0,,,,0.0,,SEA,10,,,https://www.4for4.com/player/kenny-mcintosh
370,Jarrett Stidham,QB,18,17.0,504.0,0.9,9.0,,,0.0,,DEN,14,,,https://www.4for4.com/player/jarrett-stidham
371,Drew Lock,QB,18,93.5,557.0,2.8,5.0,,,0.0,,NYG,11,487.0,-116.0,https://www.4for4.com/player/drew-lock
372,Mo Alie-Cox,TE,18,3.0,161.0,0.0,,13.0,3.0,12.4,0.8/1.3,IND,14,367.0,5.0,https://www.4for4.com/player/mo-alie-cox
373,Ronnie Rivers,RB,18,86.0,151.0,4.0,32.0,5.0,,4.4,0.6/0.6,LAR,6,,,https://www.4for4.com/player/ronnie-rivers
374,Sione Vaki,RB,18,180.0,,,,,,,,DET,5,329.0,45.0,https://www.4for4.com/player/sione-vaki
375,Kevin Harris,RB,19,66.5,123.0,4.1,16.0,3.0,1.0,19.3,0.8/0.8,NE,14,490.0,-115.0,https://www.4for4.com/player/kevin-harris
376,Jared Wiley,TE,19,-29.0,,,,,,,,KC,6,316.0,60.0,https://www.4for4.com/player/jared-wiley
377,Los Angeles Chargers,DST,19,-152.8,,,,,,,,DST,5,199.0,178.0,https://www.4for4.com/player/los-angeles-chargers
378,Isaiah Davis,RB,19,407.0,,,,,,,,NYJ,12,,,https://www.4for4.com/player/isaiah-davis
379,Jamari Thrash,WR,19,121.0,,,,,,,,CLE,10,443.0,-64.0,https://www.4for4.com/player/jamari-thrash
380,Jerick McKinnon,RB,19,47.0,256.0,2.9,21.0,25.0,5.0,7.7,2.1/2.7,,,428.0,-48.0,https://www.4for4.com/player/jerick-mckinnon
381,Los Angeles Rams,DST,19,-133.3,,,,,,,,DST,6,213.0,168.0,https://www.4for4.com/player/los-angeles-rams
382,Allen Lazard,WR,19,-77.0,311.0,0.0,,23.0,1.0,13.5,1.6/3.5,NYJ,12,317.0,65.0,https://www.4for4.com/player/allen-lazard
383,Casey Washington,WR,19,511.0,,,,,,,,ATL,12,,,https://www.4for4.com/player/casey-washington
384,Jase McClellan,RB,19,87.0,,,,,,,,ATL,12,,,https://www.4for4.com/player/jase-mcclellan
385,Brevin Jordan,TE,19,-50.0,219.0,0.0,,17.0,2.0,12.9,1.2/1.5,HOU,14,326.0,59.0,https://www.4for4.com/player/brevin-jordan
386,Tyler Scott,WR,19,-36.5,209.0,5.9,7.0,17.0,,9.9,1.0/1.9,CHI,7,305.0,81.0,https://www.4for4.com/player/tyler-scott
387,Craig Reynolds,RB,19,-34.0,226.0,4.4,41.0,5.0,1.0,9.4,0.3/0.3,DET,5,,,https://www.4for4.com/player/craig-reynolds
388,Tyrod Taylor,QB,19,85.0,1538.0,5.2,38.0,,,0.0,,NYJ,12,,,https://www.4for4.com/player/tyrod-taylor
389,Sam Howell,QB,19,-17.0,4213.0,5.5,48.0,1.0,5.0,4.0,0.1/0.1,SEA,10,,,https://www.4for4.com/player/sam-howell
390,Joshua Karty,K,19,-132.5,,,,,,,,LAR,6,,,https://www.4for4.com/player/joshua-karty
391,JuJu Smith-Schuster,WR,19,-138.5,260.0,0.0,,29.0,1.0,9.0,2.6/4.3,KC,6,225.0,166.0,https://www.4for4.com/player/juju-smith-schuster
392,Brandon Powell,WR,19,-15.5,341.0,3.4,5.0,29.0,1.0,11.2,1.7/2.6,MIN,6,343.0,49.0,https://www.4for4.com/player/brandon-powell
393,Davis Allen,TE,19,-18.0,95.0,0.0,,10.0,1.0,9.5,0.7/0.7,LAR,6,376.0,17.0,https://www.4for4.com/player/davis-allen
394,Jaret Patterson,RB,19,287.0,78.0,4.6,17.0,,,0.0,,LAC,5,,,https://www.4for4.com/player/jaret-patterson
395,Mecole Hardman Jr.,WR,19,-84.0,127.0,3.0,1.0,15.0,,8.3,1.4/2.2,KC,6,271.0,124.0,https://www.4for4.com/player/mecole-hardman-jr.
396,Wil Lutz,K,19,-165.0,,0.0,,,,0.0,,DEN,14,214.0,182.0,https://www.4for4.com/player/wil-lutz
397,Tampa Bay Buccaneers,DST,19,-212.0,,,,,,,,DST,11,224.0,173.0,https://www.4for4.com/player/tampa-bay-buccaneers
398,Blake Watson,RB,19,147.5,,,,,,,,DEN,14,481.0,-83.0,https://www.4for4.com/player/blake-watson
399,Joe Flacco,QB,20,-86.5,1618.0,0.2,9.0,,,0.0,,IND,14,277.0,122.0,https://www.4for4.com/player/joe-flacco
400,Kareem Hunt,RB,20,-7.0,495.0,3.0,135.0,15.0,9.0,5.6,1.0/1.4,,,395.0,5.0,https://www.4for4.com/player/kareem-hunt
401,Chris Boswell,K,20,-214.5,,0.0,,,,0.0,,PIT,9,198.0,203.0,https://www.4for4.com/player/chris-boswell
402,Eddy Pineiro,K,20,-107.0,,0.0,,,,0.0,,CAR,11,,,https://www.4for4.com/player/eddy-pineiro
403,Kenny Pickett,QB,20,-116.5,2124.0,1.3,42.0,,1.0,0.0,,PHI,5,242.0,161.0,https://www.4for4.com/player/kenny-pickett
404,Graham Gano,K,20,-178.5,,0.0,,,,0.0,,NYG,11,218.0,186.0,https://www.4for4.com/player/graham-gano
405,Kayshon Boutte,WR,20,190.0,19.0,0.0,,2.0,,9.5,0.4/1.4,NE,14,451.0,-46.0,https://www.4for4.com/player/kayshon-boutte
406,Spencer Rattler,QB,20,-32.5,,,,,,,,NO,12,319.0,87.0,https://www.4for4.com/player/spencer-rattler
407,Trey Lance,QB,20,-69.0,,0.0,,,,0.0,,DAL,7,314.0,93.0,https://www.4for4.com/player/trey-lance
408,Jake Browning,QB,20,20.0,2056.0,4.7,27.0,1.0,3.0,-7.0,0.1/0.1,CIN,12,448.0,-40.0,https://www.4for4.com/player/jake-browning
409,Nick Mullens,QB,20,175.0,1331.0,2.5,10.0,,,0.0,,MIN,6,,,https://www.4for4.com/player/nick-mullens
410,Josh Whyle,TE,20,137.0,94.0,0.0,,9.0,1.0,10.4,0.8/1.4,TEN,5,,,https://www.4for4.com/player/josh-whyle
411,New York Giants,DST,20,-176.0,,,,,,,,DST,11,,,https://www.4for4.com/player/new-york-giants
412,Ainias Smith,WR,20,-63.0,,,,,,,,PHI,5,322.0,90.0,https://www.4for4.com/player/ainias-smith
413,Carolina Panthers,DST,20,-140.0,,,,,,,,DST,11,,,https://www.4for4.com/player/carolina-panthers
414,Mac Jones,QB,20,-36.5,2216.0,3.7,26.0,,,0.0,,JAC,12,310.0,104.0,https://www.4for4.com/player/mac-jones
415,Nick Folk,K,20,-179.0,,0.0,,,,0.0,,TEN,5,,,https://www.4for4.com/player/nick-folk
416,Zach Wilson,QB,21,-86.5,2482.0,5.9,36.0,,,0.0,,DEN,14,275.0,141.0,https://www.4for4.com/player/zach-wilson
417,Will Reichard,K,21,-205.7,,,,,,,,MIN,6,192.0,225.0,https://www.4for4.com/player/will-reichard
418,Ihmir Smith-Marsette,WR,21,252.0,125.0,9.2,8.0,8.0,2.0,6.4,0.5/0.6,,,,,https://www.4for4.com/player/ihmir-smith-marsette
419,Parris Campbell,WR,21,1.0,104.0,0.0,,20.0,,5.2,1.7/2.3,PHI,5,437.0,-18.0,https://www.4for4.com/player/parris-campbell
420,Washington Commanders,DST,21,-208.3,,,,,,,,DST,14,234.0,186.0,https://www.4for4.com/player/washington-commanders
421,Adam Trautman,TE,21,-24.5,204.0,0.0,,22.0,3.0,9.3,1.3/2.1,DEN,14,292.0,129.0,https://www.4for4.com/player/adam-trautman
422,Malik Heath,WR,21,3.5,125.0,0.0,,15.0,1.0,8.3,1.2/1.8,GB,10,394.0,28.0,https://www.4for4.com/player/malik-heath
423,Ian Thomas,TE,21,167.0,56.0,0.0,,5.0,,11.2,0.4/0.8,CAR,11,,,https://www.4for4.com/player/ian-thomas
424,David Bell,WR,21,26.0,167.0,0.0,,14.0,3.0,11.9,0.9/1.5,CLE,10,,,https://www.4for4.com/player/david-bell
425,Miles Boykin,WR,21,181.0,17.0,0.0,,3.0,,5.7,0.2/0.2,NYG,11,,,https://www.4for4.com/player/miles-boykin
426,River Cracraft,WR,21,71.0,121.0,0.0,,9.0,1.0,13.4,0.9/1.2,MIA,6,415.0,11.0,https://www.4for4.com/player/river-cracraft
427,Peyton Hendershot,TE,21,-20.5,38.0,0.0,1.0,4.0,,9.5,0.5/0.9,KC,6,401.0,26.0,https://www.4for4.com/player/peyton-hendershot
428,Cody Schrader,RB,21,286.0,,,,,,,,LAR,6,,,https://www.4for4.com/player/cody-schrader
429,DeeJay Dallas,RB,21,1.5,62.0,3.6,10.0,6.0,,4.3,0.4/0.5,ARI,11,358.0,71.0,https://www.4for4.com/player/deejay-dallas
430,Johnny Mundt,TE,21,-28.0,172.0,0.0,,17.0,1.0,10.1,1.0/1.4,MIN,6,,,https://www.4for4.com/player/johnny-mundt
431,Isaiah Williams,WR,21,125.0,,,,,,,,DET,5,423.0,8.0,https://www.4for4.com/player/isaiah-williams
432,Devin DuVernay,WR,21,58.0,33.0,3.8,4.0,4.0,,4.5,0.3/0.7,JAC,12,485.0,-53.0,https://www.4for4.com/player/devin-duvernay
433,Simi Fehoko,WR,21,405.0,9.0,0.0,,1.0,1.0,9.0,0.2/0.3,LAC,5,,,https://www.4for4.com/player/simi-fehoko
434,Drew Ogletree,TE,21,109.0,147.0,0.0,,9.0,2.0,16.3,0.8/1.8,IND,14,400.0,34.0,https://www.4for4.com/player/drew-ogletree
435,Jeremy Ruckert,TE,22,51.0,151.0,0.0,,16.0,,9.4,1.1/1.5,NYJ,12,452.0,-17.0,https://www.4for4.com/player/jeremy-ruckert
436,Ty Johnson,RB,22,-80.0,194.0,4.4,30.0,7.0,1.0,8.9,0.7/0.7,BUF,12,,,https://www.4for4.com/player/ty-johnson
437,Luke Schoonmaker,TE,22,-122.0,65.0,0.0,,8.0,2.0,8.1,0.5/0.9,DAL,7,245.0,192.0,https://www.4for4.com/player/luke-schoonmaker
438,Jake Bates,K,22,-231.0,,,,,,,,DET,5,185.0,253.0,https://www.4for4.com/player/jake-bates
439,Durham Smythe,TE,22,-156.0,366.0,0.0,,35.0,,10.5,2.2/2.7,MIA,6,278.0,161.0,https://www.4for4.com/player/durham-smythe
440,Cade York,K,22,-135.5,,,,,,,,WAS,14,250.0,190.0,https://www.4for4.com/player/cade-york
441,Arizona Cardinals,DST,22,-260.5,,,,,,,,DST,11,226.0,215.0,https://www.4for4.com/player/arizona-cardinals
442,Cam Little,K,22,-212.5,,,,,,,,JAC,12,215.0,227.0,https://www.4for4.com/player/cam-little
443,Tanner McLachlan,TE,22,329.0,,,,,,,,CIN,12,,,https://www.4for4.com/player/tanner-mclachlan
444,Tennessee Titans,DST,22,-209.0,,,,,,,,DST,5,232.0,212.0,https://www.4for4.com/player/tennessee-titans
445,Andy Dalton,QB,22,-56.5,373.0,4.0,3.0,,,0.0,,CAR,11,353.0,92.0,https://www.4for4.com/player/andy-dalton
446,Joey Slye,K,22,-145.0,,0.0,,,,0.0,,NE,14,259.0,187.0,https://www.4for4.com/player/joey-slye
