Rank,Player,Pos,Tier,Diff,YDS,YPC,RUSH,REC,TD,YPR,REC/TAR Game,Team,Bye,ESPN,Rank-ADP,Link,RB_Rank
1,Christian McCaffrey,RB,1a,-1.0,2023.0,5.4,272.0,67.0,21.0,8.4,4.2/5.2,SF,9,1.0,0.0,https://www.4for4.com/player/christian-mccaffrey,1
4,Breece Hall,RB,1,-0.6,1585.0,4.5,223.0,76.0,9.0,7.8,4.5/5.6,NYJ,12,5.0,-1.0,https://www.4for4.com/player/breece-hall,2
5,Bijan Robinson,RB,1,1.4,1463.0,4.6,214.0,58.0,8.0,8.4,3.4/5.1,ATL,12,4.0,1.0,https://www.4for4.com/player/bijan-robinson,3
11,Jonathan Taylor,RB,2,-0.6,894.0,4.4,169.0,19.0,8.0,8.1,1.9/2.3,IND,14,9.0,2.0,https://www.4for4.com/player/jonathan-taylor,4
12,Travis Etienne Jr.,RB,2,0.4,1484.0,3.8,267.0,58.0,12.0,8.2,3.4/4.3,JAC,12,18.0,-6.0,https://www.4for4.com/player/travis-etienne-jr.,5
16,Isiah Pacheco,RB,2,-2.0,1179.0,4.6,205.0,44.0,9.0,5.5,3.1/3.5,KC,6,16.0,0.0,https://www.4for4.com/player/isiah-pacheco,6
18,Jahmyr Gibbs,RB,2,0.8,1261.0,5.2,182.0,52.0,11.0,6.1,3.5/4.7,DET,5,14.0,4.0,https://www.4for4.com/player/jahmyr-gibbs,7
20,Derrick Henry,RB,2,-6.2,1395.0,4.2,280.0,28.0,12.0,7.6,1.6/2.1,BAL,14,17.0,3.0,https://www.4for4.com/player/derrick-henry,8
22,Saquon Barkley,RB,2,-4.8,1242.0,3.9,247.0,41.0,10.0,6.8,2.9/4.3,PHI,5,10.0,12.0,https://www.4for4.com/player/saquon-barkley,9
26,De'Von Achane,RB,3,1.0,997.0,7.8,103.0,27.0,11.0,7.3,2.5/3.4,MIA,6,37.0,-11.0,https://www.4for4.com/player/de'von-achane,10
31,Kyren Williams,RB,3,-15.8,1350.0,5.0,228.0,32.0,15.0,6.4,2.7/4.0,LAR,6,15.0,16.0,https://www.4for4.com/player/kyren-williams,11
35,Joe Mixon,RB,3,-6.0,1410.0,4.0,257.0,52.0,12.0,7.2,3.1/3.8,HOU,14,32.0,3.0,https://www.4for4.com/player/joe-mixon,12
37,Josh Jacobs,RB,3,-5.0,1101.0,3.5,233.0,37.0,6.0,8.0,2.8/4.2,GB,10,38.0,-1.0,https://www.4for4.com/player/josh-jacobs,13
42,Rachaad White,RB,3,-11.0,1539.0,3.6,272.0,64.0,9.0,8.6,3.8/4.1,TB,11,31.0,11.0,https://www.4for4.com/player/rachaad-white,14
43,Kenneth Walker III,RB,4,-3.8,1164.0,4.1,219.0,29.0,9.0,8.9,1.9/2.5,SEA,10,43.0,0.0,https://www.4for4.com/player/kenneth-walker-iii,15
47,James Cook,RB,4,-16.0,1567.0,4.7,237.0,44.0,6.0,10.1,2.6/3.2,BUF,12,28.0,19.0,https://www.4for4.com/player/james-cook,16
50,Alvin Kamara,RB,4,-10.0,1160.0,3.9,180.0,75.0,6.0,6.2,5.8/6.6,NO,12,30.0,20.0,https://www.4for4.com/player/alvin-kamara,17
60,David Montgomery,RB,5,2.0,1132.0,4.6,219.0,16.0,13.0,7.3,1.1/1.7,DET,5,68.0,-8.0,https://www.4for4.com/player/david-montgomery,18
61,James Conner,RB,5,-5.0,1205.0,5.0,208.0,27.0,9.0,6.1,2.1/2.5,ARI,11,66.0,-5.0,https://www.4for4.com/player/james-conner,19
66,Rhamondre Stevenson,RB,5,0.0,857.0,4.0,156.0,38.0,4.0,6.3,3.2/4.3,NE,14,61.0,5.0,https://www.4for4.com/player/rhamondre-stevenson,20
67,Aaron Jones,RB,5,-8.6,889.0,4.6,142.0,30.0,3.0,7.8,2.7/3.9,MIN,6,58.0,9.0,https://www.4for4.com/player/aaron-jones,21
68,Zamir White,RB,5,-1.0,549.0,4.3,104.0,15.0,1.0,6.5,0.9/1.1,LV,10,69.0,-1.0,https://www.4for4.com/player/zamir-white,22
77,D'Andre Swift,RB,6,-16.0,1263.0,4.6,229.0,39.0,6.0,5.5,2.4/3.1,CHI,7,57.0,20.0,https://www.4for4.com/player/d'andre-swift,23
78,Tony Pollard,RB,6,2.6,1316.0,4.0,252.0,55.0,6.0,5.7,3.2/3.9,TEN,5,86.0,-8.0,https://www.4for4.com/player/tony-pollard,24
80,Najee Harris,RB,6,-9.6,1205.0,4.1,255.0,29.0,8.0,5.9,1.7/2.2,PIT,9,75.0,5.0,https://www.4for4.com/player/najee-harris,25
81,Raheem Mostert,RB,6,-7.0,1187.0,4.8,209.0,25.0,21.0,7.0,1.7/2.1,MIA,6,85.0,-4.0,https://www.4for4.com/player/raheem-mostert,26
82,Javonte Williams,RB,6,1.0,1002.0,3.6,217.0,47.0,5.0,4.9,2.9/3.6,DEN,14,82.0,0.0,https://www.4for4.com/player/javonte-williams,27
83,Brian Robinson Jr.,RB,6,9.4,1101.0,4.1,178.0,36.0,9.0,10.2,2.4/2.9,WAS,14,76.0,7.0,https://www.4for4.com/player/brian-robinson-jr.,28
87,Devin Singletary,RB,6,7.4,1097.0,4.2,216.0,30.0,4.0,6.4,1.8/2.2,NYG,11,106.0,-19.0,https://www.4for4.com/player/devin-singletary,29
92,Jaylen Warren,RB,7,-0.4,1154.0,5.3,149.0,61.0,4.0,6.1,3.6/4.4,PIT,9,87.0,5.0,https://www.4for4.com/player/jaylen-warren,30
94,Tyjae Spears,RB,7,6.2,838.0,4.5,100.0,52.0,3.0,7.4,3.1/4.1,TEN,5,92.0,2.0,https://www.4for4.com/player/tyjae-spears,31
96,Jerome Ford,RB,7,18.2,1132.0,4.0,204.0,44.0,9.0,7.2,2.6/3.7,CLE,10,120.0,-24.0,https://www.4for4.com/player/jerome-ford,32
98,Zack Moss,RB,7,-1.4,986.0,4.3,183.0,27.0,7.0,7.1,1.9/2.6,CIN,12,112.0,-14.0,https://www.4for4.com/player/zack-moss,33
105,Chase Brown,RB,7,7.2,335.0,4.1,44.0,14.0,1.0,11.1,1.2/1.3,CIN,12,118.0,-13.0,https://www.4for4.com/player/chase-brown,34
107,Austin Ekeler,RB,8,-15.8,1064.0,3.5,179.0,51.0,6.0,8.5,3.6/5.3,WAS,14,93.0,14.0,https://www.4for4.com/player/austin-ekeler,35
109,Jonathon Brooks,RB,8,-10.6,,,,,,,,CAR,11,108.0,1.0,https://www.4for4.com/player/jonathon-brooks,36
113,Gus Edwards,RB,8,0.4,990.0,4.1,198.0,12.0,13.0,15.0,0.7/0.8,LAC,5,127.0,-14.0,https://www.4for4.com/player/gus-edwards,37
115,Ezekiel Elliott,RB,8,-3.8,955.0,3.5,184.0,51.0,5.0,6.1,3.0/3.8,DAL,7,102.0,13.0,https://www.4for4.com/player/ezekiel-elliott,38
117,Rico Dowdle,RB,8,33.4,505.0,4.1,89.0,17.0,4.0,8.5,1.1/1.4,DAL,7,170.0,-53.0,https://www.4for4.com/player/rico-dowdle,39
124,Nick Chubb,RB,9,-24.2,191.0,6.1,28.0,4.0,,5.2,2.0/2.0,CLE,10,115.0,9.0,https://www.4for4.com/player/nick-chubb,40
126,Chuba Hubbard,RB,9,10.8,1135.0,3.8,238.0,39.0,5.0,6.0,2.3/2.6,CAR,11,147.0,-21.0,https://www.4for4.com/player/chuba-hubbard,41
133,Ty Chandler,RB,9,27.8,620.0,4.5,102.0,21.0,3.0,7.6,1.2/1.5,MIN,6,158.0,-25.0,https://www.4for4.com/player/ty-chandler,42
134,Blake Corum,RB,9,-7.8,,,,,,,,LAR,6,138.0,-4.0,https://www.4for4.com/player/blake-corum,43
137,Trey Benson,RB,9,-7.4,,,,,,,,ARI,11,139.0,-2.0,https://www.4for4.com/player/trey-benson,44
140,Tyler Allgeier,RB,9,17.6,876.0,3.7,186.0,18.0,5.0,10.7,1.1/1.4,ATL,12,148.0,-8.0,https://www.4for4.com/player/tyler-allgeier,45
141,Zach Charbonnet,RB,9,3.8,671.0,4.3,108.0,33.0,1.0,6.3,2.1/2.5,SEA,10,146.0,-5.0,https://www.4for4.com/player/zach-charbonnet,46
144,Jaleel McLaughlin,RB,9,23.0,570.0,5.4,76.0,31.0,3.0,5.2,1.8/2.1,DEN,14,171.0,-27.0,https://www.4for4.com/player/jaleel-mclaughlin,47
146,Antonio Gibson,RB,10,26.4,654.0,4.1,65.0,48.0,3.0,8.1,3.0/3.7,NE,14,165.0,-19.0,https://www.4for4.com/player/antonio-gibson,48
150,J.K. Dobbins,RB,10,-17.4,37.0,2.8,8.0,2.0,1.0,7.5,2.0/3.0,LAC,5,125.0,25.0,https://www.4for4.com/player/j.k.-dobbins,49
153,Jaylen Wright,RB,10,17.0,,,,,,,,MIA,6,187.0,-34.0,https://www.4for4.com/player/jaylen-wright,50
154,Ray Davis,RB,10,54.3,,,,,,,,BUF,12,,,https://www.4for4.com/player/ray-davis,51
173,MarShawn Lloyd,RB,11,8.2,,,,,,,,GB,10,184.0,-11.0,https://www.4for4.com/player/marshawn-lloyd,52
177,Bucky Irving,RB,11,16.5,,,,,,,,TB,11,,,https://www.4for4.com/player/bucky-irving,53
178,Khalil Herbert,RB,11,21.4,745.0,4.6,132.0,20.0,3.0,6.7,1.7/2.6,CHI,7,230.0,-52.0,https://www.4for4.com/player/khalil-herbert,54
182,Roschon Johnson,RB,11,53.3,561.0,4.3,81.0,34.0,2.0,6.1,2.3/2.7,CHI,7,,,https://www.4for4.com/player/roschon-johnson,55
191,Justice Hill,RB,12,43.7,593.0,4.6,84.0,28.0,4.0,7.4,1.8/2.4,BAL,14,,,https://www.4for4.com/player/justice-hill,56
193,Kimani Vidal,RB,12,8.0,,,,,,,,LAC,5,,,https://www.4for4.com/player/kimani-vidal,57
196,Braelon Allen,RB,12,1.3,,,,,,,,NYJ,12,,,https://www.4for4.com/player/braelon-allen,58
207,Jordan Mason,RB,13,-6.5,237.0,5.2,40.0,3.0,3.0,10.3,0.2/0.2,SF,9,204.0,3.0,https://www.4for4.com/player/jordan-mason,59
210,Alexander Mattison,RB,13,14.7,892.0,3.9,180.0,30.0,3.0,6.4,1.9/2.8,LV,10,,,https://www.4for4.com/player/alexander-mattison,60
218,Kenneth Gainwell,RB,13,6.0,564.0,4.3,84.0,30.0,2.0,6.1,1.9/2.3,PHI,5,,,https://www.4for4.com/player/kenneth-gainwell,61
222,Kendre Miller,RB,13,-2.7,273.0,3.8,41.0,10.0,1.0,11.7,1.3/1.4,NO,12,180.0,42.0,https://www.4for4.com/player/kendre-miller,62
228,Tank Bigsby,RB,13,9.0,138.0,2.6,50.0,1.0,2.0,6.0,0.1/0.2,JAC,12,,,https://www.4for4.com/player/tank-bigsby,63
230,Audric Estime,RB,13,32.7,,,,,,,,DEN,14,,,https://www.4for4.com/player/audric-estime,64
235,Carson Steele,RB,13,-7.0,,,,,,,,KC,6,207.0,28.0,https://www.4for4.com/player/carson-steele,65
239,Dameon Pierce,RB,13,-21.3,517.0,2.9,145.0,13.0,3.0,7.8,0.9/1.2,HOU,14,,,https://www.4for4.com/player/dameon-pierce,66
244,Tyrone Tracy Jr.,RB,14,-29.0,,,,,,,,NYG,11,,,https://www.4for4.com/player/tyrone-tracy-jr.,67
247,Keaton Mitchell,RB,14,12.3,489.0,8.4,47.0,9.0,2.0,10.3,1.1/1.4,BAL,14,,,https://www.4for4.com/player/keaton-mitchell,68
248,Jamaal Williams,RB,14,10.0,368.0,2.9,106.0,18.0,1.0,3.4,1.4/1.5,NO,12,,,https://www.4for4.com/player/jamaal-williams,69
250,Cordarrelle Patterson,RB,14,29.0,219.0,3.6,50.0,9.0,1.0,4.2,0.6/0.9,PIT,9,,,https://www.4for4.com/player/cordarrelle-patterson,70
257,Eric Gray,RB,14,35.7,70.0,2.8,17.0,6.0,,3.7,0.5/0.5,NYG,11,,,https://www.4for4.com/player/eric-gray,71
261,Dylan Laube,RB,15,66.5,,,,,,,,LV,10,,,https://www.4for4.com/player/dylan-laube,72
264,Trey Sermon,RB,15,48.0,173.0,4.6,35.0,3.0,,4.3,0.2/0.4,IND,14,,,https://www.4for4.com/player/trey-sermon,73
273,Will Shipley,RB,15,-17.0,,,,,,,,PHI,5,,,https://www.4for4.com/player/will-shipley,74
274,Clyde Edwards-Helaire,RB,15,-57.5,411.0,3.2,70.0,17.0,2.0,11.1,1.1/1.5,KC,6,,,https://www.4for4.com/player/clyde-edwards-helaire,75
276,Cam Akers,RB,15,4.3,237.0,2.8,60.0,11.0,2.0,6.4,1.6/1.7,HOU,14,258.0,18.0,https://www.4for4.com/player/cam-akers,76
279,Dalvin Cook,RB,15,-61.3,292.0,3.2,67.0,15.0,,5.2,1.0/1.3,DAL,7,210.0,69.0,https://www.4for4.com/player/dalvin-cook,77
294,Samaje Perine,RB,15,-10.7,693.0,4.5,53.0,50.0,1.0,9.1,2.9/3.3,KC,6,,,https://www.4for4.com/player/samaje-perine,78
295,D'Onta Foreman,RB,15,4.5,502.0,3.9,109.0,11.0,5.0,7.0,1.2/1.8,CLE,10,,,https://www.4for4.com/player/d'onta-foreman,79
305,D'Ernest Johnson,RB,15,324.0,248.0,2.6,41.0,10.0,,14.0,0.6/0.7,JAC,12,,,https://www.4for4.com/player/d'ernest-johnson,80
306,Pierre Strong Jr.,RB,15,223.0,338.0,4.6,63.0,5.0,1.0,9.4,0.3/0.5,CLE,10,,,https://www.4for4.com/player/pierre-strong-jr.,81
309,Michael Carter,RB,15,144.0,288.0,6.2,30.0,24.0,1.0,4.2,1.6/2.1,ARI,11,,,https://www.4for4.com/player/michael-carter,82
315,Miles Sanders,RB,15,-68.5,586.0,3.3,129.0,27.0,1.0,5.7,1.7/2.6,CAR,11,,,https://www.4for4.com/player/miles-sanders,83
316,Isaac Guerendo,RB,15,-19.3,,,,,,,,SF,9,,,https://www.4for4.com/player/isaac-guerendo,84
319,Rasheen Ali,RB,16,91.0,,,,,,,,BAL,14,467.0,-148.0,https://www.4for4.com/player/rasheen-ali,85
320,Jawhar Jordan,RB,16,462.0,,,,,,,,HOU,14,,,https://www.4for4.com/player/jawhar-jordan,86
322,Deuce Vaughn,RB,16,-27.0,80.0,1.7,23.0,7.0,,5.7,0.9/0.9,DAL,7,,,https://www.4for4.com/player/deuce-vaughn,87
325,Jeff Wilson Jr.,RB,16,77.0,273.0,4.6,41.0,14.0,,6.1,1.4/1.7,MIA,6,461.0,-136.0,https://www.4for4.com/player/jeff-wilson-jr.,88
331,Royce Freeman,RB,16,157.0,332.0,4.1,77.0,1.0,2.0,13.0,0.1/0.1,,,,,https://www.4for4.com/player/royce-freeman,89
333,Deneric Prince,RB,16,89.5,,0.0,,,,0.0,,MIA,6,468.0,-135.0,https://www.4for4.com/player/deneric-prince,90
336,Emanuel Wilson,RB,16,92.0,108.0,6.1,14.0,4.0,,5.8,0.6/0.7,GB,10,,,https://www.4for4.com/player/emanuel-wilson,91
339,Isaiah Spiller,RB,16,366.0,130.0,2.6,37.0,6.0,,5.7,0.7/0.7,,,,,https://www.4for4.com/player/isaiah-spiller,92
342,Chris Rodriguez Jr.,RB,17,120.0,259.0,4.8,51.0,2.0,2.0,6.0,0.2/0.2,WAS,14,,,https://www.4for4.com/player/chris-rodriguez-jr.,93
346,Evan Hull,RB,17,515.0,7.0,1.0,1.0,1.0,,6.0,1.0/1.0,IND,14,,,https://www.4for4.com/player/evan-hull,94
350,Israel Abanikanda,RB,17,71.5,113.0,3.2,22.0,7.0,,6.1,1.0/1.6,NYJ,12,446.0,-96.0,https://www.4for4.com/player/israel-abanikanda,95
358,Emari Demercado,RB,17,71.0,403.0,4.9,58.0,21.0,2.0,5.7,1.5/2.1,ARI,11,,,https://www.4for4.com/player/emari-demercado,96
369,Kenny McIntosh,RB,18,30.0,,0.0,,,,0.0,,SEA,10,,,https://www.4for4.com/player/kenny-mcintosh,97
373,Ronnie Rivers,RB,18,86.0,151.0,4.0,32.0,5.0,,4.4,0.6/0.6,LAR,6,,,https://www.4for4.com/player/ronnie-rivers,98
374,Sione Vaki,RB,18,180.0,,,,,,,,DET,5,329.0,45.0,https://www.4for4.com/player/sione-vaki,99
375,Kevin Harris,RB,19,66.5,123.0,4.1,16.0,3.0,1.0,19.3,0.8/0.8,NE,14,490.0,-115.0,https://www.4for4.com/player/kevin-harris,100
378,Isaiah Davis,RB,19,407.0,,,,,,,,NYJ,12,,,https://www.4for4.com/player/isaiah-davis,101
380,Jerick McKinnon,RB,19,47.0,256.0,2.9,21.0,25.0,5.0,7.7,2.1/2.7,,,428.0,-48.0,https://www.4for4.com/player/jerick-mckinnon,102
384,Jase McClellan,RB,19,87.0,,,,,,,,ATL,12,,,https://www.4for4.com/player/jase-mcclellan,103
387,Craig Reynolds,RB,19,-34.0,226.0,4.4,41.0,5.0,1.0,9.4,0.3/0.3,DET,5,,,https://www.4for4.com/player/craig-reynolds,104
394,Jaret Patterson,RB,19,287.0,78.0,4.6,17.0,,,0.0,,LAC,5,,,https://www.4for4.com/player/jaret-patterson,105
398,Blake Watson,RB,19,147.5,,,,,,,,DEN,14,481.0,-83.0,https://www.4for4.com/player/blake-watson,106
400,Kareem Hunt,RB,20,-7.0,495.0,3.0,135.0,15.0,9.0,5.6,1.0/1.4,,,395.0,5.0,https://www.4for4.com/player/kareem-hunt,107
428,Cody Schrader,RB,21,286.0,,,,,,,,LAR,6,,,https://www.4for4.com/player/cody-schrader,108
429,DeeJay Dallas,RB,21,1.5,62.0,3.6,10.0,6.0,,4.3,0.4/0.5,ARI,11,358.0,71.0,https://www.4for4.com/player/deejay-dallas,109
436,Ty Johnson,RB,22,-80.0,194.0,4.4,30.0,7.0,1.0,8.9,0.7/0.7,BUF,12,,,https://www.4for4.com/player/ty-johnson,110
