Rank,Player,Pos,Tier,YDS,YPC,Rush,REC,TD,YPR,Rec/Tar Game,Points,Team,Bye,ESPN,Rank-ADP,Link,RB_Rank
2,Bijan Robinson,RB,1,1964.0,4.8,308.0,62.0,17.0,7.8,3.7/4.6,329.6,ATL,5,2.0,0.0,https://www.4for4.com/player/bijan-robinson,1
3,Jahmyr Gibbs,RB,1,1690.0,5.4,236.0,49.0,17.0,8.4,2.9/3.8,295.6,DET,8,5.0,-2.0,https://www.4for4.com/player/jahmyr-gibbs,2
5,Saquon Barkley,RB,1,1862.0,5.4,293.0,36.0,17.0,7.8,2.1/3.0,306.2,PHI,9,3.0,2.0,https://www.4for4.com/player/saquon-barkley,3
7,Christian McCaffrey,RB,1,1839.0,5.1,253.0,66.0,16.0,8.3,3.9/5.0,313.0,SF,14,7.0,0.0,https://www.4for4.com/player/christian-mccaffrey,4
13,Ashton Jeanty,RB,2,1559.0,4.5,267.0,45.0,13.0,8.0,2.6/3.6,256.3,LV,8,11.0,2.0,https://www.4for4.com/player/ashton-jeanty,5
15,Derrick Henry,RB,2,1710.0,5.3,293.0,19.0,17.0,8.2,1.1/1.4,282.6,BAL,7,12.0,3.0,https://www.4for4.com/player/derrick-henry,6
17,De'Von Achane,RB,2,1576.0,4.9,206.0,74.0,14.0,7.7,4.3/5.4,278.4,MIA,12,14.0,3.0,https://www.4for4.com/player/de'von-achane,7
18,Chase Brown,RB,2,1434.0,4.4,239.0,51.0,13.0,7.5,3.0/3.9,246.9,CIN,10,24.0,-6.0,https://www.4for4.com/player/chase-brown,8
23,Bucky Irving,RB,3,1489.0,4.8,236.0,44.0,12.0,8.1,2.6/3.1,242.9,TB,9,22.0,1.0,https://www.4for4.com/player/bucky-irving,9
24,Jonathan Taylor,RB,3,1618.0,4.6,303.0,29.0,14.0,7.7,1.7/2.4,260.3,IND,11,15.0,9.0,https://www.4for4.com/player/jonathan-taylor,10
25,Josh Jacobs,RB,3,1507.0,4.4,279.0,35.0,14.0,8.1,2.0/2.7,252.0,GB,5,18.0,7.0,https://www.4for4.com/player/josh-jacobs,11
32,James Cook,RB,3,1363.0,4.8,224.0,36.0,15.0,8.0,2.1/2.6,244.3,BUF,7,32.0,0.0,https://www.4for4.com/player/james-cook,12
33,Omarion Hampton,RB,3,1210.0,4.4,208.0,37.0,10.0,7.9,2.2/2.9,199.6,LAC,12,39.0,-6.0,https://www.4for4.com/player/omarion-hampton,13
35,Kyren Williams,RB,4,1269.0,4.0,271.0,33.0,13.0,5.6,1.9/2.4,221.4,LAR,8,30.0,5.0,https://www.4for4.com/player/kyren-williams,14
43,Breece Hall,RB,4,1175.0,4.3,166.0,56.0,9.0,8.2,3.3/4.4,199.6,NYJ,9,51.0,-8.0,https://www.4for4.com/player/breece-hall,15
45,TreVeyon Henderson,RB,4,1229.0,4.4,216.0,35.0,10.0,7.9,2.1/2.8,200.5,NE,14,49.0,-4.0,https://www.4for4.com/player/treveyon-henderson,16
50,Kenneth Walker III,RB,5,1402.0,4.0,251.0,51.0,12.0,7.8,3.0/3.8,237.7,SEA,8,44.0,6.0,https://www.4for4.com/player/kenneth-walker-iii,17
55,Alvin Kamara,RB,5,1273.0,4.1,188.0,67.0,7.0,7.5,3.9/5.4,202.8,NO,11,38.0,17.0,https://www.4for4.com/player/alvin-kamara,18
56,Chuba Hubbard,RB,5,1220.0,4.3,233.0,42.0,9.0,5.2,2.5/3.1,197.0,CAR,14,41.0,15.0,https://www.4for4.com/player/chuba-hubbard,19
59,James Conner,RB,5,1370.0,4.5,233.0,41.0,13.0,7.9,2.4/2.9,235.3,ARI,8,46.0,13.0,https://www.4for4.com/player/james-conner,20
63,Tony Pollard,RB,6,1121.0,4.2,204.0,44.0,7.0,6.0,2.6/3.5,176.1,TEN,10,70.0,-7.0,https://www.4for4.com/player/tony-pollard,21
65,RJ Harvey,RB,6,860.0,4.4,156.0,26.0,10.0,6.8,1.5/2.0,158.7,DEN,12,74.0,-9.0,https://www.4for4.com/player/rj-harvey,22
71,David Montgomery,RB,6,1024.0,4.2,194.0,26.0,12.0,8.1,1.5/1.9,187.4,DET,8,59.0,12.0,https://www.4for4.com/player/david-montgomery,23
76,D'Andre Swift,RB,6,1191.0,4.2,207.0,43.0,8.0,7.5,2.5/3.1,188.6,CHI,5,54.0,22.0,https://www.4for4.com/player/d'andre-swift,24
81,Jaylen Warren,RB,6,1212.0,4.5,184.0,50.0,8.0,7.7,2.9/3.8,194.1,PIT,5,85.0,-4.0,https://www.4for4.com/player/jaylen-warren,25
82,Isiah Pacheco,RB,6,1120.0,4.4,205.0,33.0,8.0,6.6,1.9/2.5,176.5,KC,10,63.0,19.0,https://www.4for4.com/player/isiah-pacheco,26
83,Jordan Mason,RB,7,913.0,4.7,158.0,21.0,7.0,8.1,1.2/1.6,143.8,MIN,6,124.0,-41.0,https://www.4for4.com/player/jordan-mason,27
84,Tyrone Tracy Jr.,RB,7,1058.0,4.5,186.0,29.0,7.0,7.6,1.7/2.4,162.3,NYG,14,80.0,4.0,https://www.4for4.com/player/tyrone-tracy-jr.,28
95,Kaleb Johnson,RB,8,926.0,4.3,178.0,21.0,8.0,7.6,1.2/1.7,151.2,PIT,5,93.0,2.0,https://www.4for4.com/player/kaleb-johnson,29
98,Travis Etienne Jr.,RB,8,68.0,3.9,12.0,3.0,,7.2,2.8/0.0,0.0,JAC,8,117.0,-19.0,https://www.4for4.com/player/travis-etienne-jr.,30
102,Jacory Croskey-Merritt,RB,8,584.0,4.1,108.0,25.0,5.0,5.9,1.5/1.9,100.8,WAS,12,91.0,11.0,https://www.4for4.com/player/jacory-croskey-merritt,31
103,Zach Charbonnet,RB,8,824.0,4.2,130.0,37.0,6.0,7.5,2.2/2.8,136.9,SEA,8,135.0,-32.0,https://www.4for4.com/player/zach-charbonnet,32
107,Cam Skattebo,RB,8,1029.0,4.4,173.0,35.0,7.0,7.7,2.0/2.7,162.3,NYG,14,113.0,-6.0,https://www.4for4.com/player/cam-skattebo,33
111,J.K. Dobbins,RB,8,813.0,4.3,149.0,28.0,9.0,6.2,1.6/2.2,149.1,DEN,12,100.0,11.0,https://www.4for4.com/player/j.k.-dobbins,34
116,Bhayshul Tuten,RB,8,511.0,4.1,91.0,19.0,4.0,7.2,1.1/1.6,84.6,JAC,8,173.0,-57.0,https://www.4for4.com/player/bhayshul-tuten,35
121,Javonte Williams,RB,9,783.0,3.9,153.0,30.0,6.0,6.2,1.8/2.4,129.3,DAL,10,105.0,16.0,https://www.4for4.com/player/javonte-williams,36
122,Rhamondre Stevenson,RB,9,684.0,3.9,141.0,24.0,6.0,5.6,1.4/1.9,116.4,NE,14,110.0,12.0,https://www.4for4.com/player/rhamondre-stevenson,37
128,Austin Ekeler,RB,9,965.0,4.3,127.0,48.0,5.0,8.7,2.8/3.6,150.6,WAS,12,99.0,29.0,https://www.4for4.com/player/austin-ekeler,38
129,Braelon Allen,RB,9,670.0,3.9,117.0,28.0,6.0,7.6,1.7/2.4,117.0,NYJ,9,159.0,-30.0,https://www.4for4.com/player/braelon-allen,39
130,Jaydon Blue,RB,9,659.0,4.0,127.0,22.0,5.0,6.8,1.3/1.8,106.9,DAL,10,156.0,-26.0,https://www.4for4.com/player/jaydon-blue,40
134,Tyjae Spears,RB,9,926.0,4.0,156.0,41.0,5.0,7.4,2.4/3.1,143.0,TEN,10,147.0,-13.0,https://www.4for4.com/player/tyjae-spears,41
135,Tank Bigsby,RB,9,700.0,4.2,153.0,8.0,6.0,6.9,0.5/0.7,110.1,JAC,8,128.0,7.0,https://www.4for4.com/player/tank-bigsby,42
136,Tyler Allgeier,RB,9,566.0,4.2,112.0,12.0,5.0,7.6,0.7/0.9,92.8,ATL,5,164.0,-28.0,https://www.4for4.com/player/tyler-allgeier,43
137,Quinshon Judkins,RB,9,667.0,4.3,123.0,20.0,4.0,7.1,1.4/1.9,100.5,CLE,9,123.0,14.0,https://www.4for4.com/player/quinshon-judkins,44
141,Rachaad White,RB,9,726.0,4.0,107.0,38.0,5.0,7.8,2.4/2.8,121.8,TB,9,145.0,-4.0,https://www.4for4.com/player/rachaad-white,45
143,Trey Benson,RB,9,620.0,4.4,111.0,16.0,4.0,8.2,0.9/1.2,94.0,ARI,8,153.0,-10.0,https://www.4for4.com/player/trey-benson,46
145,Dylan Sampson,RB,10,569.0,4.1,108.0,18.0,4.0,7.0,1.1/1.4,89.9,CLE,9,,,https://www.4for4.com/player/dylan-sampson,47
153,Ray Davis,RB,10,621.0,4.1,121.0,15.0,5.0,8.2,0.9/1.2,99.8,BUF,7,191.0,-38.0,https://www.4for4.com/player/ray-davis,48
157,Nick Chubb,RB,10,670.0,4.1,142.0,13.0,5.0,6.3,0.8/1.1,103.5,HOU,6,148.0,9.0,https://www.4for4.com/player/nick-chubb,49
160,Chris Rodriguez Jr.,RB,11,494.0,4.3,105.0,7.0,5.0,6.0,0.4/0.6,82.9,WAS,12,,,https://www.4for4.com/player/chris-rodriguez-jr.,50
165,Brian Robinson Jr.,RB,11,562.0,4.4,93.0,19.0,4.0,8.1,1.1/1.4,89.6,SF,14,154.0,11.0,https://www.4for4.com/player/brian-robinson-jr.,51
168,Rico Dowdle,RB,11,575.0,4.2,101.0,21.0,5.0,7.1,1.2/1.8,98.0,CAR,14,,,https://www.4for4.com/player/rico-dowdle,52
169,Roschon Johnson,RB,11,495.0,3.7,98.0,21.0,6.0,6.3,1.2/1.5,96.1,CHI,5,,,https://www.4for4.com/player/roschon-johnson,53
174,Keaton Mitchell,RB,11,634.0,4.8,74.0,31.0,4.0,9.0,1.8/2.2,103.0,BAL,7,,,https://www.4for4.com/player/keaton-mitchell,54
176,Will Shipley,RB,11,396.0,4.3,73.0,10.0,3.0,8.2,0.6/0.8,62.6,PHI,9,219.0,-43.0,https://www.4for4.com/player/will-shipley,55
185,Jerome Ford,RB,11,777.0,4.4,126.0,34.0,5.0,6.5,2.0/2.6,124.8,CLE,9,161.0,24.0,https://www.4for4.com/player/jerome-ford,56
186,Najee Harris,RB,11,590.0,4.0,113.0,20.0,5.0,6.8,1.4/1.8,99.1,LAC,12,169.0,17.0,https://www.4for4.com/player/najee-harris,57
187,Woody Marks,RB,12,468.0,4.1,62.0,28.0,3.0,7.6,1.7/2.2,78.9,HOU,6,,,https://www.4for4.com/player/woody-marks,58
188,Blake Corum,RB,12,514.0,4.0,104.0,13.0,4.0,7.5,0.8/1.0,82.0,LAR,8,,,https://www.4for4.com/player/blake-corum,59
190,Isaac Guerendo,RB,12,338.0,4.5,59.0,9.0,2.0,8.0,0.5/0.7,50.3,SF,14,243.0,-53.0,https://www.4for4.com/player/isaac-guerendo,60
195,Ollie Gordon II,RB,12,372.0,4.1,73.0,11.0,3.0,6.8,0.6/0.9,60.5,MIA,12,200.0,-5.0,https://www.4for4.com/player/ollie-gordon-ii,61
197,DJ Giddens,RB,12,290.0,4.1,49.0,12.0,2.0,7.2,0.7/0.9,47.1,IND,11,,,https://www.4for4.com/player/dj-giddens,62
206,Jarquez Hunter,RB,12,230.0,4.4,42.0,6.0,1.0,6.9,0.4/0.5,32.3,LAR,8,,,https://www.4for4.com/player/jarquez-hunter,63
213,Joe Mixon,RB,13,735.0,4.1,133.0,24.0,6.0,7.8,2.2/2.8,121.7,HOU,6,98.0,115.0,https://www.4for4.com/player/joe-mixon,64
220,Tahj Brooks,RB,13,283.0,4.0,52.0,11.0,1.0,6.9,0.6/1.0,39.7,CIN,10,,,https://www.4for4.com/player/tahj-brooks,65
223,Miles Sanders,RB,14,441.0,3.9,82.0,19.0,3.0,6.3,1.1/1.5,71.7,DAL,10,,,https://www.4for4.com/player/miles-sanders,66
233,Raheem Mostert,RB,14,347.0,4.0,66.0,11.0,5.0,7.4,0.7/0.9,70.4,LV,8,,,https://www.4for4.com/player/raheem-mostert,67
235,Justice Hill,RB,14,414.0,4.6,35.0,32.0,3.0,8.0,1.9/2.4,75.1,BAL,7,,,https://www.4for4.com/player/justice-hill,68
239,Jaylen Wright,RB,14,454.0,4.2,85.0,16.0,3.0,6.1,0.9/1.3,71.3,MIA,12,180.0,59.0,https://www.4for4.com/player/jaylen-wright,69
240,Dameon Pierce,RB,14,418.0,4.0,94.0,7.0,3.0,5.8,0.4/0.6,63.4,HOU,6,416.0,-176.0,https://www.4for4.com/player/dameon-pierce,70
241,Sean Tucker,RB,14,451.0,4.3,72.0,18.0,3.0,7.7,1.1/1.4,72.3,TB,9,,,https://www.4for4.com/player/sean-tucker,71
244,Kyle Monangai,RB,14,240.0,4.0,46.0,8.0,2.0,7.0,0.5/0.7,40.0,CHI,5,,,https://www.4for4.com/player/kyle-monangai,72
264,Kareem Hunt,RB,14,338.0,3.5,62.0,19.0,2.0,6.5,1.1/1.5,55.2,KC,10,,,https://www.4for4.com/player/kareem-hunt,73
268,Brashard Smith,RB,14,269.0,4.1,36.0,18.0,2.0,6.8,1.1/1.5,47.8,KC,10,,,https://www.4for4.com/player/brashard-smith,74
272,Kendre Miller,RB,14,558.0,4.0,116.0,13.0,3.0,7.3,0.8/1.1,80.2,NO,11,,,https://www.4for4.com/player/kendre-miller,75
280,Devin Neal,RB,14,129.0,4.2,19.0,7.0,,7.3,0.4/0.5,16.3,NO,11,,,https://www.4for4.com/player/devin-neal,76
281,Trevor Etienne,RB,14,309.0,4.2,56.0,11.0,2.0,7.0,0.6/0.9,48.2,CAR,14,,,https://www.4for4.com/player/trevor-etienne,77
287,Elijah Mitchell,RB,14,260.0,4.0,53.0,8.0,2.0,6.0,0.5/0.6,42.0,KC,10,,,https://www.4for4.com/player/elijah-mitchell,78
289,MarShawn Lloyd,RB,14,493.0,4.0,91.0,20.0,4.0,6.6,1.3/1.7,83.0,GB,5,,,https://www.4for4.com/player/marshawn-lloyd,79
290,Samaje Perine,RB,14,417.0,4.1,37.0,29.0,2.0,9.2,1.7/2.2,68.2,CIN,10,,,https://www.4for4.com/player/samaje-perine,80
297,Emanuel Wilson,RB,14,309.0,4.5,52.0,15.0,2.0,5.0,0.9/1.1,50.4,GB,5,,,https://www.4for4.com/player/emanuel-wilson,81
299,Jaleel McLaughlin,RB,14,310.0,4.5,38.0,25.0,2.0,5.5,1.5/1.7,55.6,DEN,12,,,https://www.4for4.com/player/jaleel-mclaughlin,82
301,Ty Johnson,RB,14,362.0,4.3,44.0,20.0,2.0,8.5,1.2/1.6,58.3,BUF,7,,,https://www.4for4.com/player/ty-johnson,83
302,Khalil Herbert,RB,14,54.0,4.0,10.0,2.0,,6.0,0.1/0.2,6.6,,,309.0,-7.0,https://www.4for4.com/player/khalil-herbert,84
307,Devin Singletary,RB,14,158.0,4.0,29.0,7.0,1.0,6.0,0.4/0.5,25.3,NYG,14,,,https://www.4for4.com/player/devin-singletary,85
309,Jordan James,RB,14,96.0,4.0,17.0,4.0,1.0,7.0,0.2/0.3,17.6,SF,14,,,https://www.4for4.com/player/jordan-james,86
312,Kenneth Gainwell,RB,14,218.0,3.9,47.0,5.0,1.0,6.5,0.3/0.5,30.5,PIT,5,,,https://www.4for4.com/player/kenneth-gainwell,87
317,Kimani Vidal,RB,14,135.0,3.8,21.0,7.0,1.0,7.9,0.4/0.5,23.0,LAC,12,,,https://www.4for4.com/player/kimani-vidal,88
330,Isaiah Davis,RB,14,278.0,4.1,43.0,13.0,1.0,7.7,0.8/1.1,40.3,NYJ,9,,,https://www.4for4.com/player/isaiah-davis,89
359,Tyler Goodson,RB,14,77.0,4.0,14.0,4.0,,5.9,0.2/0.3,9.5,IND,11,,,https://www.4for4.com/player/tyler-goodson,90
361,Cam Akers,RB,14,224.0,4.1,47.0,6.0,1.0,5.4,0.3/0.4,31.3,,,385.0,-24.0,https://www.4for4.com/player/cam-akers,91
363,Sincere McCormick,RB,14,238.0,4.4,43.0,8.0,1.0,6.0,0.5/0.6,33.8,SF,14,,,https://www.4for4.com/player/sincere-mccormick,92
364,Audric Estime,RB,14,118.0,4.1,22.0,5.0,1.0,5.6,0.3/0.4,20.2,,,376.0,-12.0,https://www.4for4.com/player/audric-estime,93
365,Dare Ogunbowale,RB,14,14.0,3.8,2.0,1.0,,6.9,1.1/0.0,0.0,HOU,6,,,https://www.4for4.com/player/dare-ogunbowale,94
366,Raheim Sanders,RB,14,93.0,4.0,16.0,4.0,,7.3,0.2/0.4,11.3,CLE,9,363.0,3.0,https://www.4for4.com/player/raheim-sanders,95
368,Antonio Gibson,RB,14,131.0,4.4,21.0,5.0,1.0,8.2,0.3/0.4,21.4,NE,14,,,https://www.4for4.com/player/antonio-gibson,96
373,Chris Brooks,RB,14,14.0,4.0,2.0,1.0,,6.8,0.8/0.0,0.0,GB,5,,,https://www.4for4.com/player/chris-brooks,97
375,Jeremy McNichols,RB,14,145.0,4.1,31.0,3.0,1.0,5.9,0.2/0.2,0.0,WAS,12,,,https://www.4for4.com/player/jeremy-mcnichols,98
380,Ty Chandler,RB,14,161.0,3.9,32.0,5.0,1.0,7.2,0.3/0.4,24.6,MIN,6,281.0,99.0,https://www.4for4.com/player/ty-chandler,99
386,Zamir White,RB,14,91.0,3.9,18.0,4.0,,5.7,0.2/0.3,10.8,LV,8,227.0,159.0,https://www.4for4.com/player/zamir-white,100
388,Gus Edwards,RB,14,420.0,3.7,105.0,5.0,4.0,6.0,0.3/0.4,68.5,,,393.0,-5.0,https://www.4for4.com/player/gus-edwards,101
395,Trey Sermon,RB,14,221.0,3.6,46.0,11.0,1.0,5.2,0.6/0.9,33.4,PIT,5,,,https://www.4for4.com/player/trey-sermon,102
401,Jamaal Williams,RB,14,237.0,3.5,53.0,10.0,1.0,5.4,0.6/0.7,34.6,,,468.0,-67.0,https://www.4for4.com/player/jamaal-williams,103
403,Emari Demercado,RB,14,178.0,4.2,21.0,14.0,,6.4,0.8/1.1,24.8,ARI,8,,,https://www.4for4.com/player/emari-demercado,104
405,Michael Carter,RB,14,216.0,3.8,37.0,15.0,1.0,5.0,0.9/1.2,35.1,ARI,8,,,https://www.4for4.com/player/michael-carter,105
406,Dylan Laube,RB,14,69.0,3.9,10.0,4.0,,7.2,0.2/0.3,9.0,LV,8,457.0,-51.0,https://www.4for4.com/player/dylan-laube,106
407,Clyde Edwards-Helaire,RB,14,80.0,3.6,16.0,3.0,,8.0,0.2/0.2,9.4,,,,,https://www.4for4.com/player/clyde-edwards-helaire,107
408,Phil Mafah,RB,14,103.0,4.0,19.0,4.0,,6.8,0.2/0.4,12.3,DAL,10,,,https://www.4for4.com/player/phil-mafah,108
409,Craig Reynolds,RB,14,137.0,4.1,27.0,3.0,,8.5,0.2/0.2,15.2,DET,8,308.0,101.0,https://www.4for4.com/player/craig-reynolds,109
