Rank,Player,Pos,Tier,YDS,YPC,Rush,REC,TD,YPR,Rec/Tar Game,Points,Team,Bye,ESPN,Rank-ADP,Link,WR_Rank
1,Ja'Marr Chase,WR,1,1549.0,5.0,3.0,120.0,12.0,12.8,7.0/10.1,286.8,CIN,10,1.0,0.0,https://www.4for4.com/player/ja'marr-chase,1
4,CeeDee Lamb,WR,1,1529.0,5.0,14.0,116.0,12.0,12.6,6.8/9.9,282.8,DAL,10,6.0,-2.0,https://www.4for4.com/player/ceedee-lamb,2
6,Justin Jefferson,WR,1,1626.0,0.0,,107.0,11.0,15.2,6.3/9.8,282.1,MIN,6,4.0,2.0,https://www.4for4.com/player/justin-jefferson,3
8,Malik Nabers,WR,1,1251.0,5.0,7.0,104.0,9.0,11.7,6.1/9.6,231.1,NYG,14,10.0,-2.0,https://www.4for4.com/player/malik-nabers,4
9,Amon-Ra St. Brown,WR,1,1299.0,5.0,3.0,114.0,11.0,11.2,6.7/9.1,252.9,DET,8,9.0,0.0,https://www.4for4.com/player/amon-ra-st.-brown,5
10,Puka Nacua,WR,2,1487.0,5.0,15.0,109.0,9.0,12.9,6.4/9.1,257.4,LAR,8,8.0,2.0,https://www.4for4.com/player/puka-nacua,6
11,Brian Thomas Jr.,WR,2,1407.0,5.0,6.0,97.0,10.0,14.2,5.7/8.5,249.2,JAC,8,16.0,-5.0,https://www.4for4.com/player/brian-thomas-jr.,7
12,Nico Collins,WR,2,1646.0,0.0,,109.0,10.0,15.1,6.4/9.3,279.1,HOU,6,13.0,-1.0,https://www.4for4.com/player/nico-collins,8
14,A.J. Brown,WR,2,1391.0,0.0,,94.0,9.0,14.8,5.5/8.4,240.1,PHI,9,17.0,-3.0,https://www.4for4.com/player/a.j.-brown,9
16,Ladd McConkey,WR,2,1245.0,0.0,,96.0,10.0,12.9,5.7/7.9,232.7,LAC,12,29.0,-13.0,https://www.4for4.com/player/ladd-mcconkey,10
20,Drake London,WR,3,1367.0,0.0,,104.0,10.0,13.1,6.1/9.6,248.8,ATL,5,21.0,-1.0,https://www.4for4.com/player/drake-london,11
22,Tee Higgins,WR,3,1194.0,0.0,,94.0,10.0,12.7,5.5/8.7,226.4,CIN,10,26.0,-4.0,https://www.4for4.com/player/tee-higgins,12
28,Davante Adams,WR,3,1048.0,0.0,,90.0,9.0,11.7,5.3/8.1,203.5,LAR,8,34.0,-6.0,https://www.4for4.com/player/davante-adams,13
29,Mike Evans,WR,3,1255.0,0.0,,90.0,10.0,13.9,5.3/8.1,230.6,TB,9,40.0,-11.0,https://www.4for4.com/player/mike-evans,14
31,Tyreek Hill,WR,3,1205.0,5.0,9.0,93.0,8.0,12.5,5.5/8.1,215.0,MIA,12,31.0,0.0,https://www.4for4.com/player/tyreek-hill,15
34,Jaxon Smith-Njigba,WR,3,1081.0,5.0,4.0,93.0,8.0,11.4,5.5/8.0,202.6,SEA,8,37.0,-3.0,https://www.4for4.com/player/jaxon-smith-njigba,16
37,Marvin Harrison Jr.,WR,4,1198.0,0.0,,86.0,9.0,14.0,5.0/8.1,216.6,ARI,8,45.0,-8.0,https://www.4for4.com/player/marvin-harrison-jr.,17
39,Tetairoa McMillan,WR,4,1130.0,4.0,6.0,86.0,8.0,12.9,5.0/8.1,203.9,CAR,14,75.0,-36.0,https://www.4for4.com/player/tetairoa-mcmillan,18
40,Xavier Worthy,WR,4,970.0,5.0,19.0,76.0,10.0,11.5,4.5/7.1,195.1,KC,10,50.0,-10.0,https://www.4for4.com/player/xavier-worthy,19
41,Terry Mclaurin,WR,4,1133.0,0.0,,86.0,9.0,13.2,5.0/7.6,210.2,WAS,12,36.0,5.0,https://www.4for4.com/player/terry-mclaurin,20
42,Courtland Sutton,WR,4,1149.0,0.0,,87.0,10.0,13.2,5.1/8.0,218.4,DEN,12,57.0,-15.0,https://www.4for4.com/player/courtland-sutton,21
44,George Pickens,WR,4,1230.0,4.0,2.0,77.0,8.0,15.8,4.6/7.6,209.7,DAL,10,64.0,-20.0,https://www.4for4.com/player/george-pickens,22
46,Jameson Williams,WR,4,1216.0,5.0,10.0,75.0,8.0,15.5,4.4/7.0,207.1,DET,8,66.0,-20.0,https://www.4for4.com/player/jameson-williams,23
47,Calvin Ridley,WR,4,1196.0,4.0,9.0,80.0,9.0,14.6,4.7/8.2,213.4,TEN,10,61.0,-14.0,https://www.4for4.com/player/calvin-ridley,24
48,DJ Moore,WR,5,1116.0,5.0,10.0,100.0,7.0,10.7,5.9/8.5,203.4,CHI,5,53.0,-5.0,https://www.4for4.com/player/dj-moore,25
49,Garrett Wilson,WR,5,964.0,4.0,4.0,85.0,7.0,11.1,5.0/7.8,181.2,NYJ,9,42.0,7.0,https://www.4for4.com/player/garrett-wilson,26
51,Devonta Smith,WR,5,1033.0,0.0,,82.0,8.0,12.6,4.8/6.8,192.3,PHI,9,62.0,-11.0,https://www.4for4.com/player/devonta-smith,27
52,Jaylen Waddle,WR,5,1053.0,4.0,3.0,79.0,6.0,13.1,4.7/7.0,181.0,MIA,12,65.0,-13.0,https://www.4for4.com/player/jaylen-waddle,28
53,DK Metcalf,WR,5,1040.0,0.0,,77.0,7.0,13.5,4.5/7.8,184.5,PIT,5,47.0,6.0,https://www.4for4.com/player/dk-metcalf,29
54,Zay Flowers,WR,5,1054.0,6.0,9.0,75.0,6.0,13.3,4.4/6.8,179.1,BAL,7,55.0,-1.0,https://www.4for4.com/player/zay-flowers,30
57,Travis Hunter,WR,5,914.0,4.0,9.0,77.0,6.0,11.4,4.5/6.8,166.0,JAC,8,73.0,-16.0,https://www.4for4.com/player/travis-hunter,31
60,Emeka Egbuka,WR,5,827.0,4.9,5.0,71.0,7.0,11.3,4.2/6.6,160.2,TB,9,88.0,-28.0,https://www.4for4.com/player/emeka-egbuka,32
62,Rashee Rice,WR,6,719.0,4.0,3.0,58.0,6.0,12.1,5.3/7.6,137.0,KC,10,60.0,2.0,https://www.4for4.com/player/rashee-rice,33
64,Rome Odunze,WR,6,1076.0,5.0,4.0,74.0,6.0,14.2,4.4/7.4,180.7,CHI,5,76.0,-12.0,https://www.4for4.com/player/rome-odunze,34
66,Chris Olave,WR,6,1084.0,0.0,,84.0,5.0,12.9,4.9/7.7,180.4,NO,11,84.0,-18.0,https://www.4for4.com/player/chris-olave,35
67,Jerry Jeudy,WR,6,1145.0,0.0,,87.0,7.0,13.1,5.1/8.3,200.2,CLE,9,67.0,0.0,https://www.4for4.com/player/jerry-jeudy,36
68,Jakobi Meyers,WR,6,1048.0,0.0,,91.0,6.0,11.5,5.4/8.0,186.3,LV,8,82.0,-14.0,https://www.4for4.com/player/jakobi-meyers,37
69,Stefon Diggs,WR,6,792.0,0.0,,75.0,7.0,10.5,5.4/7.9,158.9,NE,14,86.0,-17.0,https://www.4for4.com/player/stefon-diggs,38
70,Ricky Pearsall,WR,6,852.0,5.0,3.0,64.0,4.0,13.1,3.7/5.9,141.1,SF,14,102.0,-32.0,https://www.4for4.com/player/ricky-pearsall,39
72,Matthew Golden,WR,6,698.0,0.0,,60.0,5.0,11.6,3.5/5.5,129.9,GB,5,81.0,-9.0,https://www.4for4.com/player/matthew-golden,40
73,Deebo Samuel Sr.,WR,6,1047.0,4.0,34.0,66.0,7.0,13.8,3.9/6.1,179.7,WAS,12,95.0,-22.0,https://www.4for4.com/player/deebo-samuel-sr.,41
74,Jayden Reed,WR,6,1045.0,8.0,14.0,68.0,7.0,13.8,4.2/6.0,180.4,GB,5,125.0,-51.0,https://www.4for4.com/player/jayden-reed,42
78,Josh Downs,WR,6,841.0,0.0,,76.0,5.0,11.1,4.5/7.3,152.0,IND,11,137.0,-59.0,https://www.4for4.com/player/josh-downs,43
79,Jordan Addison,WR,6,859.0,5.0,3.0,63.0,8.0,13.3,4.5/7.0,165.6,MIN,6,108.0,-29.0,https://www.4for4.com/player/jordan-addison,44
85,Khalil Shakir,WR,7,860.0,5.0,2.0,73.0,7.0,11.6,4.6/6.3,164.7,BUF,7,106.0,-21.0,https://www.4for4.com/player/khalil-shakir,45
86,Michael Pittman Jr.,WR,7,856.0,0.0,,75.0,5.0,11.4,4.4/7.2,153.1,IND,11,90.0,-4.0,https://www.4for4.com/player/michael-pittman-jr.,46
91,Jauan Jennings,WR,7,980.0,0.0,,74.0,6.0,13.2,4.4/7.0,171.1,SF,14,115.0,-24.0,https://www.4for4.com/player/jauan-jennings,47
93,Darnell Mooney,WR,7,1028.0,0.0,,71.0,6.0,14.4,4.2/6.9,174.5,ATL,5,136.0,-43.0,https://www.4for4.com/player/darnell-mooney,48
94,Cooper Kupp,WR,7,869.0,4.0,2.0,74.0,6.0,11.6,4.4/6.5,160.0,SEA,8,83.0,11.0,https://www.4for4.com/player/cooper-kupp,49
96,Keon Coleman,WR,8,738.0,0.0,,44.0,5.0,16.6,2.6/4.6,126.0,BUF,7,112.0,-16.0,https://www.4for4.com/player/keon-coleman,50
112,Rashid Shaheed,WR,8,988.0,5.0,9.0,61.0,4.0,15.5,3.6/6.4,153.3,NO,11,129.0,-17.0,https://www.4for4.com/player/rashid-shaheed,51
114,Christian Kirk,WR,8,992.0,0.0,,73.0,5.0,13.6,4.3/6.7,165.7,HOU,6,175.0,-61.0,https://www.4for4.com/player/christian-kirk,52
117,Keenan Allen,WR,8,796.0,0.0,,74.0,6.0,10.7,4.4/6.5,152.8,LAC,12,121.0,-4.0,https://www.4for4.com/player/keenan-allen,53
120,Jayden Higgins,WR,9,455.0,3.0,3.0,39.0,3.0,11.3,2.3/3.8,83.2,HOU,6,138.0,-18.0,https://www.4for4.com/player/jayden-higgins,54
125,Luther Burden III,WR,9,580.0,4.0,6.0,52.0,4.0,10.7,3.1/4.8,108.0,CHI,5,186.0,-61.0,https://www.4for4.com/player/luther-burden-iii,55
127,Rashod Bateman,WR,9,737.0,0.0,,46.0,6.0,15.9,2.7/4.5,132.9,BAL,7,176.0,-49.0,https://www.4for4.com/player/rashod-bateman,56
131,Marquise Brown,WR,9,630.0,0.0,,59.0,5.0,10.6,3.5/5.8,122.7,KC,10,171.0,-40.0,https://www.4for4.com/player/marquise-brown,57
132,Joshua Palmer,WR,9,752.0,0.0,,52.0,5.0,14.5,3.1/5.0,131.1,BUF,7,,,https://www.4for4.com/player/joshua-palmer,58
133,Marvin Mims Jr.,WR,9,923.0,4.0,15.0,66.0,6.0,13.1,3.9/5.5,161.2,DEN,12,167.0,-34.0,https://www.4for4.com/player/marvin-mims-jr.,59
138,Romeo Doubs,WR,9,743.0,0.0,,59.0,6.0,12.6,3.5/5.2,139.8,GB,5,,,https://www.4for4.com/player/romeo-doubs,60
139,Brandon Aiyuk,WR,9,474.0,0.0,,41.0,3.0,11.5,3.8/6.2,86.0,SF,14,163.0,-24.0,https://www.4for4.com/player/brandon-aiyuk,61
148,Cedric Tillman,WR,10,732.0,0.0,,65.0,5.0,11.2,3.8/6.4,135.9,CLE,9,168.0,-20.0,https://www.4for4.com/player/cedric-tillman,62
149,Kyle Williams,WR,10,411.0,0.0,,35.0,3.0,11.9,2.0/3.2,76.4,NE,14,,,https://www.4for4.com/player/kyle-williams,63
152,Adam Thielen,WR,10,834.0,0.0,,76.0,5.0,11.0,4.5/6.0,151.3,MIN,6,150.0,2.0,https://www.4for4.com/player/adam-thielen,64
155,Wan'dale Robinson,WR,10,701.0,6.0,5.0,79.0,5.0,8.5,4.6/6.8,139.6,NYG,14,174.0,-19.0,https://www.4for4.com/player/wan'dale-robinson,65
161,Xavier Legette,WR,11,540.0,4.0,7.0,47.0,4.0,10.8,2.8/4.6,101.7,CAR,14,158.0,3.0,https://www.4for4.com/player/xavier-legette,66
163,Demario Douglas,WR,11,675.0,5.0,4.0,65.0,4.0,10.0,3.9/5.6,124.2,NE,14,,,https://www.4for4.com/player/demario-douglas,67
164,Dyami Brown,WR,11,582.0,0.0,,52.0,2.0,11.1,3.1/4.8,96.4,JAC,8,,,https://www.4for4.com/player/dyami-brown,68
167,Dont'e Thornton Jr.,WR,11,,,,,,,,,LV,8,,,https://www.4for4.com/player/dont'e-thornton-jr.,69
170,Jalen Coker,WR,11,519.0,0.0,,43.0,4.0,12.0,2.5/4.0,97.5,CAR,14,,,https://www.4for4.com/player/jalen-coker,70
178,Tory Horton,WR,11,467.0,3.0,2.0,40.0,4.0,11.6,2.3/3.6,90.7,SEA,8,370.0,-192.0,https://www.4for4.com/player/tory-horton,71
181,Ray-Ray McCloud III,WR,11,520.0,0.0,,55.0,3.0,9.4,3.3/4.8,97.7,ATL,5,,,https://www.4for4.com/player/ray-ray-mccloud-iii,72
182,Alec Pierce,WR,11,621.0,0.0,,35.0,4.0,17.7,2.1/3.8,103.7,IND,11,,,https://www.4for4.com/player/alec-pierce,73
184,Michael Wilson,WR,11,576.0,0.0,,47.0,4.0,12.3,2.8/4.2,105.0,ARI,8,,,https://www.4for4.com/player/michael-wilson,74
191,Jaylin Noel,WR,12,308.0,3.0,2.0,25.0,2.0,11.9,1.5/2.5,55.6,HOU,6,,,https://www.4for4.com/player/jaylin-noel,75
192,Kayshon Boutte,WR,12,561.0,0.0,,48.0,3.0,11.6,2.8/4.4,98.3,NE,14,,,https://www.4for4.com/player/kayshon-boutte,76
194,DeAndre Hopkins,WR,12,388.0,0.0,,34.0,4.0,11.4,2.0/3.2,79.8,BAL,7,,,https://www.4for4.com/player/deandre-hopkins,77
198,Darius Slayton,WR,12,751.0,0.0,,54.0,4.0,13.8,3.2/5.8,126.4,NYG,14,,,https://www.4for4.com/player/darius-slayton,78
200,Andrei Iosivas,WR,12,497.0,0.0,,42.0,4.0,11.8,2.5/4.1,94.7,CIN,10,,,https://www.4for4.com/player/andrei-iosivas,79
202,Jordan Whittington,WR,12,505.0,5.0,3.0,43.0,3.0,11.3,2.5/3.9,90.1,LAR,8,,,https://www.4for4.com/player/jordan-whittington,80
204,Troy Franklin,WR,12,381.0,0.0,,37.0,3.0,10.2,2.2/4.0,74.8,DEN,12,,,https://www.4for4.com/player/troy-franklin,81
205,Adonai Mitchell,WR,12,376.0,4.0,3.0,27.0,2.0,13.4,1.6/3.1,63.1,IND,11,,,https://www.4for4.com/player/adonai-mitchell,82
208,Isaac TeSlaa,WR,13,227.0,0.0,,20.0,1.0,11.5,1.2/1.9,38.6,DET,8,216.0,-8.0,https://www.4for4.com/player/isaac-teslaa,83
210,Olamide Zaccheaus,WR,13,270.0,0.0,,22.0,1.0,12.4,1.3/2.0,43.9,CHI,5,305.0,-95.0,https://www.4for4.com/player/olamide-zaccheaus,84
212,Keandre Lambert-Smith,WR,13,255.0,0.0,,18.0,1.0,14.3,1.0/1.6,40.4,LAC,12,272.0,-60.0,https://www.4for4.com/player/keandre-lambert-smith,85
214,Pat Bryant,WR,13,500.0,0.0,,39.0,3.0,12.8,2.3/3.7,87.5,DEN,12,,,https://www.4for4.com/player/pat-bryant,86
216,Jack Bech,WR,13,402.0,0.0,,36.0,2.0,11.1,2.1/3.2,70.3,LV,8,,,https://www.4for4.com/player/jack-bech,87
219,KaVontae Turpin,WR,13,461.0,6.9,13.0,29.0,2.0,12.8,1.7/2.7,72.6,DAL,10,,,https://www.4for4.com/player/kavontae-turpin,88
221,Tutu Atwell,WR,13,437.0,4.0,2.0,34.0,2.0,12.6,2.0/3.2,72.8,LAR,8,,,https://www.4for4.com/player/tutu-atwell,89
222,Elijah Moore,WR,14,254.0,2.0,3.0,25.0,2.0,10.0,1.5/2.3,49.8,BUF,7,275.0,-53.0,https://www.4for4.com/player/elijah-moore,90
228,Noah Brown,WR,14,536.0,0.0,,40.0,3.0,13.4,2.4/3.9,91.6,WAS,12,,,https://www.4for4.com/player/noah-brown,91
229,Quentin Johnston,WR,14,373.0,3.0,3.0,30.0,3.0,12.2,1.7/2.8,70.1,LAC,12,,,https://www.4for4.com/player/quentin-johnston,92
230,Calvin Austin III,WR,14,547.0,0.0,,43.0,2.0,12.6,2.6/4.2,88.4,PIT,5,,,https://www.4for4.com/player/calvin-austin-iii,93
232,Nick Westbrook-Ikhine,WR,14,485.0,0.0,,36.0,3.0,13.3,2.1/3.6,84.7,MIA,12,,,https://www.4for4.com/player/nick-westbrook-ikhine,94
234,Brandin Cooks,WR,14,389.0,0.0,,32.0,2.0,12.2,1.9/3.3,66.8,NO,11,,,https://www.4for4.com/player/brandin-cooks,95
236,Elic Ayomanor,WR,14,396.0,0.0,,34.0,2.0,11.5,2.0/3.3,68.9,TEN,10,,,https://www.4for4.com/player/elic-ayomanor,96
237,Tyler Lockett,WR,14,496.0,0.0,,44.0,3.0,11.4,2.6/4.2,89.4,TEN,10,,,https://www.4for4.com/player/tyler-lockett,97
242,Malik Washington,WR,14,440.0,5.0,10.0,41.0,3.0,9.6,2.4/3.5,82.3,MIA,12,,,https://www.4for4.com/player/malik-washington,98
243,Devaughn Vele,WR,14,417.0,0.0,,37.0,2.0,11.4,2.2/3.1,72.0,NO,11,,,https://www.4for4.com/player/devaughn-vele,99
248,Jalen Tolbert,WR,14,484.0,0.0,,40.0,3.0,12.0,2.4/3.8,86.5,DAL,10,,,https://www.4for4.com/player/jalen-tolbert,100
251,Roman Wilson,WR,14,434.0,4.0,3.0,41.0,2.0,10.3,2.4/4.0,75.8,PIT,5,,,https://www.4for4.com/player/roman-wilson,101
254,Dontayvion Wicks,WR,14,315.0,0.0,,24.0,2.0,12.9,1.4/2.4,55.7,GB,5,412.0,-158.0,https://www.4for4.com/player/dontayvion-wicks,102
255,Amari Cooper,WR,14,996.0,0.0,,74.0,5.0,13.5,4.3/7.4,166.4,LV,8,223.0,32.0,https://www.4for4.com/player/amari-cooper,103
258,Josh Reynolds,WR,14,469.0,0.0,,49.0,3.0,9.7,2.9/4.6,89.2,NYJ,9,,,https://www.4for4.com/player/josh-reynolds,104
259,Jalen Royals,WR,14,300.0,0.0,,24.0,2.0,12.3,1.4/2.3,54.2,KC,10,428.0,-169.0,https://www.4for4.com/player/jalen-royals,105
274,Chimere Dike,WR,14,315.0,4.0,3.0,23.0,2.0,13.1,1.4/2.3,55.0,TEN,10,,,https://www.4for4.com/player/chimere-dike,106
275,Sterling Shepard,WR,14,206.0,0.0,,19.0,1.0,11.0,1.1/1.9,35.9,TB,9,400.0,-125.0,https://www.4for4.com/player/sterling-shepard,107
276,Tre Tucker,WR,14,527.0,4.0,9.0,38.0,3.0,13.0,2.2/3.6,89.7,LV,8,,,https://www.4for4.com/player/tre-tucker,108
277,Parker Washington,WR,14,285.0,0.0,,28.0,2.0,10.3,1.6/2.5,54.3,JAC,8,,,https://www.4for4.com/player/parker-washington,109
285,Jaylin Lane,WR,14,244.0,0.0,,18.0,1.0,13.9,1.0/1.6,39.2,WAS,12,399.0,-114.0,https://www.4for4.com/player/jaylin-lane,110
286,Greg Dortch,WR,14,306.0,5.0,2.0,30.0,2.0,9.8,1.8/2.6,57.8,ARI,8,,,https://www.4for4.com/player/greg-dortch,111
292,Zay Jones,WR,14,240.0,0.0,,24.0,1.0,10.1,1.4/2.3,41.9,ARI,8,423.0,-131.0,https://www.4for4.com/player/zay-jones,112
295,Jalen Nailor,WR,14,351.0,0.0,,29.0,2.0,12.3,1.8/2.9,61.3,MIN,6,,,https://www.4for4.com/player/jalen-nailor,113
296,Tim Patrick,WR,14,288.0,0.0,,23.0,2.0,12.5,1.4/2.1,52.3,JAC,8,314.0,-18.0,https://www.4for4.com/player/tim-patrick,114
300,John Metchie III,WR,14,42.0,0.0,,4.0,,10.7,3.9/0.0,0.0,PHI,9,295.0,5.0,https://www.4for4.com/player/john-metchie-iii,115
303,Jacob Cowing,WR,14,132.0,0.0,,10.0,,12.9,0.6/1.0,18.3,SF,14,,,https://www.4for4.com/player/jacob-cowing,116
306,Curtis Samuel,WR,14,170.0,4.0,5.0,16.0,1.0,9.5,0.9/1.4,30.9,BUF,7,481.0,-175.0,https://www.4for4.com/player/curtis-samuel,117
318,Luke McCaffrey,WR,14,215.0,0.0,,22.0,1.0,9.7,1.3/2.1,38.6,WAS,12,254.0,64.0,https://www.4for4.com/player/luke-mccaffrey,118
320,Van Jefferson,WR,14,19.0,0.0,,2.0,,11.9,1.6/0.0,0.0,TEN,10,,,https://www.4for4.com/player/van-jefferson,119
322,Savion Williams,WR,14,237.0,3.0,3.0,22.0,2.0,10.4,1.3/2.1,46.5,GB,5,437.0,-115.0,https://www.4for4.com/player/savion-williams,120
324,Jalen McMillan,WR,14,328.0,5.0,3.0,24.0,2.0,12.8,2.7/4.2,56.9,TB,9,,,https://www.4for4.com/player/jalen-mcmillan,121
326,Demarcus Robinson,WR,14,429.0,0.0,,29.0,3.0,14.8,1.7/2.9,75.4,SF,14,442.0,-116.0,https://www.4for4.com/player/demarcus-robinson,122
328,Kalif Raymond,WR,14,235.0,4.0,3.0,17.0,1.0,13.0,1.0/1.5,38.0,DET,8,323.0,5.0,https://www.4for4.com/player/kalif-raymond,123
329,Christian Watson,WR,14,212.0,0.0,,12.0,1.0,18.0,2.9/5.3,33.0,GB,5,,,https://www.4for4.com/player/christian-watson,124
331,Marquez Valdes-Scantling,WR,14,403.0,0.0,,23.0,2.0,17.6,1.3/2.6,63.8,SF,14,425.0,-94.0,https://www.4for4.com/player/marquez-valdes-scantling,125
332,Xavier Restrepo,WR,14,176.0,3.0,2.0,13.0,1.0,13.0,0.8/1.4,30.2,TEN,10,476.0,-144.0,https://www.4for4.com/player/xavier-restrepo,126
333,Tai Felton,WR,14,194.0,0.0,,18.0,1.0,10.5,1.1/1.9,34.6,MIN,6,,,https://www.4for4.com/player/tai-felton,127
336,Mack Hollins,WR,14,187.0,0.0,,16.0,1.0,11.6,0.9/1.5,32.8,NE,14,338.0,-2.0,https://www.4for4.com/player/mack-hollins,128
337,Diontae Johnson,WR,14,357.0,0.0,,29.0,2.0,12.4,1.7/3.0,62.2,,,,,https://www.4for4.com/player/diontae-johnson,129
338,Jermaine Burton,WR,14,166.0,0.0,,13.0,1.0,13.0,0.8/1.5,29.0,CIN,10,436.0,-98.0,https://www.4for4.com/player/jermaine-burton,130
339,Tez Johnson,WR,14,695.0,4.0,5.0,63.0,5.0,10.7,3.7/5.9,0.0,TB,9,282.0,57.0,https://www.4for4.com/player/tez-johnson,131
344,Allen Lazard,WR,14,333.0,0.0,,25.0,3.0,13.5,1.4/2.4,63.6,NYJ,9,,,https://www.4for4.com/player/allen-lazard,132
349,Arian Smith,WR,14,92.0,0.0,,7.0,,12.5,0.4/0.7,12.8,NYJ,9,454.0,-105.0,https://www.4for4.com/player/arian-smith,133
350,Isaiah Bond,WR,14,351.0,3.0,3.0,26.0,2.0,13.2,1.5/2.5,60.0,CLE,9,298.0,52.0,https://www.4for4.com/player/isaiah-bond,134
353,Khadarel Hodge,WR,14,185.0,0.0,,17.0,1.0,11.1,1.0/1.5,32.8,ATL,5,,,https://www.4for4.com/player/khadarel-hodge,135
355,JuJu Smith-Schuster,WR,14,189.0,0.0,,18.0,1.0,10.5,1.1/1.6,33.9,KC,10,256.0,99.0,https://www.4for4.com/player/juju-smith-schuster,136
358,Malachi Corley,WR,14,208.0,5.0,5.0,19.0,1.0,9.5,1.1/1.9,36.4,CLE,9,,,https://www.4for4.com/player/malachi-corley,137
367,Nick Nash,WR,14,167.0,0.0,,15.0,1.0,10.9,0.9/1.4,30.4,ATL,5,,,https://www.4for4.com/player/nick-nash,138
372,Gabe Davis,WR,14,402.0,0.0,,32.0,3.0,12.4,1.9/3.5,74.5,,,,,https://www.4for4.com/player/gabe-davis,139
384,Devontez Walker,WR,14,118.0,0.0,,11.0,1.0,10.5,0.7/1.2,23.4,BAL,7,362.0,22.0,https://www.4for4.com/player/devontez-walker,140
387,Jalin Hyatt,WR,14,121.0,0.0,,11.0,,11.0,0.6/1.1,17.6,NYG,14,313.0,74.0,https://www.4for4.com/player/jalin-hyatt,141
393,Ricky White III,WR,14,338.0,0.0,,31.0,2.0,10.9,1.8/2.9,0.0,SEA,8,,,https://www.4for4.com/player/ricky-white-iii,142
394,Kendrick Bourne,WR,14,129.0,4.0,2.0,11.0,1.0,11.1,0.6/1.0,24.3,,,,,https://www.4for4.com/player/kendrick-bourne,143
398,Tyler Boyd,WR,14,358.0,0.0,,36.0,2.0,9.9,2.1/3.2,65.9,,,,,https://www.4for4.com/player/tyler-boyd,144
